,Scaled,N,Dimensions,K,Mean,Variance,abs_deviation_data,abs_deviation_eigv,rel_deviation_data,rel_deviation_eigv,time_16,time_32
0,True,100,10,3,0.0,1.0,0.00010439043398946524,0.00017257554281968623,0.000724174315109849,0.024790212512016296,0.0005840800586156547,0.0005759800551459193
1,False,100,10,3,0.0,1.0,5.514814347407082e-06,1.587965562066529e-05,0.011436200700700283,0.001784304971806705,0.000597180041950196,0.0008089200127869844
2,True,200,10,3,0.0,1.0,0.00011446317512309179,0.2604069113731384,2.0017309188842773,1.9981609582901,0.00056900002527982,0.0005602000164799392
3,False,200,10,3,0.0,1.0,3.0797622457612306e-05,1.6595660781604238e-05,0.0016923024086281657,0.010054300539195538,0.0005717399762943387,0.000617880024947226
4,True,500,10,3,0.0,1.0,0.0001945764961419627,0.00017002371896523982,0.003525207517668605,0.0007842938648536801,0.0005805199616588652,0.0005938999820500612
5,False,500,10,3,0.0,1.0,2.3398944904329255e-05,0.00036604070919565856,0.05261515825986862,0.004715760704129934,0.0005904000136069953,0.0005727600073441863
6,True,1000,10,3,0.0,1.0,0.00014322344213724136,0.19997254014015198,2.003082752227783,1.994186520576477,0.0005958600668236613,0.0005776800098828971
7,False,1000,10,3,0.0,1.0,1.3262839274830185e-05,0.0002709181571844965,0.005563464015722275,0.0021935999393463135,0.0005961600109003484,0.0005873200134374201
8,True,2000,10,3,0.0,1.0,3.757427475648001e-05,0.000535754777956754,0.0020983582362532616,0.0007017560419626534,0.0005752600263804197,0.0005756799946539104
9,False,2000,10,3,0.0,1.0,1.3442238923744299e-05,0.0001257577387150377,0.0022742305882275105,0.0002823431568685919,0.0005869599990546703,0.0005900799878872931
10,True,5000,10,3,0.0,1.0,0.0002990499488078058,9.61060359259136e-05,0.002825977047905326,0.000904271611943841,0.0005960799753665924,0.000577219994738698
11,False,5000,10,3,0.0,1.0,9.92983223113697e-06,0.0002354617026867345,0.0002628826186992228,0.002560622291639447,0.0005679200403392315,0.0005821799277327955
12,True,10000,10,3,0.0,1.0,4.2460760596441105e-05,0.012333981692790985,0.6624612212181091,0.6873586177825928,0.0006013999809511006,0.0005803999374620616
13,False,10000,10,3,0.0,1.0,1.3880411643185653e-05,0.010688448324799538,0.6553651690483093,0.6697536110877991,0.0005953599466010928,0.0005978000699542463
14,True,20000,10,3,0.0,1.0,3.084913987549953e-05,0.015312195755541325,0.6358988881111145,0.6570534706115723,0.0005971799255348742,0.0005618000286631286
15,False,20000,10,3,0.0,1.0,2.8055699658580124e-05,0.24183779954910278,1.9589343070983887,2.009274959564209,0.0006299199885688722,0.0005898400559090078
16,True,50000,10,3,0.0,1.0,3.876040136674419e-05,0.06685741990804672,1.342323899269104,1.3313816785812378,0.0006926200003363192,0.0005983399460092187
17,False,50000,10,3,0.0,1.0,4.729905413114466e-05,0.00804104469716549,0.6880391240119934,0.6679264903068542,0.0006927400245331228,0.0006126400548964739
18,True,100000,10,3,0.0,1.0,4.941644874634221e-05,0.2517459988594055,1.050957441329956,1.069003939628601,0.0007577599608339369,0.0006636399775743484
19,False,100000,10,3,0.0,1.0,4.598185114446096e-06,0.12080072611570358,4.4972100257873535,1.0307080745697021,0.0007997799548320472,0.0006941200117580593
20,True,200000,10,3,0.0,1.0,3.1975123420124874e-05,0.06422820687294006,0.6757218837738037,1.132588505744934,0.0012942999601364136,0.0008039400563575327
21,False,200000,10,3,0.0,1.0,1.3158975889382418e-05,0.06424187868833542,3.455566644668579,1.132556676864624,0.0012592599960044026,0.0007934799650683999
22,True,500000,10,3,0.0,1.0,0.00015009849448688328,0.009257165715098381,1.3046936988830566,0.8223578333854675,0.0022297201212495565,0.000982259982265532
23,False,500000,10,3,0.0,1.0,1.9183145923307166e-05,0.19072891771793365,1.7924087047576904,2.830155372619629,0.0022338200360536575,0.0010055999737232924
24,True,1000000,10,3,0.0,1.0,2.2859761884319596e-05,0.005669635720551014,0.7327328324317932,1.4527493715286255,0.0018987799994647503,0.0005781999789178371
25,False,1000000,10,3,0.0,1.0,2.971384674310684e-06,0.005582412239164114,0.7856115102767944,1.4529119729995728,0.0018845200538635254,0.0005829200381413102
26,True,2000000,10,3,0.0,1.0,0.00013356874114833772,0.24154755473136902,4.047280788421631,2.089564800262451,0.0034916000440716743,0.0007886800449341536
27,False,2000000,10,3,0.0,1.0,8.487451850669459e-06,0.24141079187393188,0.31212374567985535,2.153256416320801,0.00345699954777956,0.0008022399852052331
28,True,5000000,10,3,0.0,1.0,0.0002312518045073375,0.02719854563474655,1.1468682289123535,0.908704400062561,0.0032466398552060127,0.0005398800130933523
29,False,5000000,10,3,0.0,1.0,1.4325890333566349e-05,0.026276983320713043,2.024946689605713,0.9105431437492371,0.003255220130085945,0.0005449999589473009
30,True,10000000,10,3,0.0,1.0,0.00033665867522358894,0.07133592665195465,0.3742557764053345,1.2844001054763794,0.006381139624863863,0.000906340021174401
31,False,10000000,10,3,0.0,1.0,1.259599798686395e-06,0.07152362167835236,0.5322794914245605,1.2720657587051392,0.006364120170474052,0.0009172800346277654
32,True,100,10,3,0.0,4.0,0.00010201967234024778,0.00015351767069660127,0.00010230462066829205,8.889163837011438e-06,0.0005572399240918458,0.0005318199982866645
33,False,100,10,3,0.0,4.0,3.2653624657541513e-05,8.575649553677067e-05,0.007538908626884222,0.000539937405847013,0.0005529599729925394,0.0005649799713864923
34,True,200,10,3,0.0,4.0,0.0001752099924487993,5.798936035716906e-05,0.061146996915340424,0.0010911141289398074,0.0005430000019259751,0.0005297000170685351
35,False,200,10,3,0.0,4.0,0.0001532909373054281,5.3059931815369055e-05,0.15078753232955933,0.0035829541739076376,0.0005515199736692011,0.0005458400119096041
36,True,500,10,3,0.0,4.0,1.0846455552382395e-05,0.016726860776543617,0.6686245203018188,0.670543909072876,0.0005823399988003075,0.0005550200003199279
37,False,500,10,3,0.0,4.0,7.136026852094801e-06,0.25289228558540344,2.0002524852752686,1.998047113418579,0.0005858800141140819,0.0005863200058229268
38,True,1000,10,3,0.0,4.0,5.339344352250919e-05,0.00015075098781380802,0.010088304989039898,0.02099454775452614,0.0005657199653796852,0.0005636999849230051
39,False,1000,10,3,0.0,4.0,0.00011129760969197378,0.2771396040916443,1.3350646495819092,1.3229119777679443,0.0006028800271451473,0.0005911000189371407
40,True,2000,10,3,0.0,4.0,4.755554618895985e-05,0.0006356413359753788,0.007641793694347143,0.0007070946739986539,0.0005581799778155982,0.000556820014026016
41,False,2000,10,3,0.0,4.0,2.5008896045619622e-05,0.00041648076148703694,0.0016535676550120115,0.0022975581232458353,0.000576239952351898,0.0005764199886471033
42,True,5000,10,3,0.0,4.0,0.00012731793685816228,0.02230207994580269,1.3481409549713135,1.3379971981048584,0.0006025000475347042,0.0006135000730864704
43,False,5000,10,3,0.0,4.0,2.627360117912758e-05,0.22548899054527283,1.2879204750061035,1.333212971687317,0.0005811599548906088,0.0005810200236737728
44,True,10000,10,3,0.0,4.0,0.00020164404122624546,0.00039492451469413936,0.8792308568954468,0.005336737725883722,0.0005875799688510597,0.0005788799608126283
45,False,10000,10,3,0.0,4.0,4.8103334847837687e-05,0.007554026786237955,0.7951333522796631,0.6555514335632324,0.0005762999644502997,0.0005742000066675246
46,True,20000,10,3,0.0,4.0,2.1429061234812252e-05,0.24375194311141968,2.0096147060394287,2.0186069011688232,0.0006824399461038411,0.000658380042295903
47,False,20000,10,3,0.0,4.0,0.00022212829208001494,0.25086215138435364,2.2678089141845703,2.007056713104248,0.0006442199810408056,0.0006225199904292822
48,True,50000,10,3,0.0,4.0,3.939803355024196e-05,0.008288200944662094,0.6811347007751465,0.5955593585968018,0.0007154800114221871,0.0006386000895872712
49,False,50000,10,3,0.0,4.0,1.0600178939057514e-05,0.1768823266029358,1.78534734249115,1.2928049564361572,0.0008054400095716119,0.0008471599430777133
50,True,100000,10,3,0.0,4.0,3.797998942900449e-05,0.20187267661094666,1.5412369966506958,1.3611711263656616,0.0008684000349603593,0.0008454000344499946
51,False,100000,10,3,0.0,4.0,3.848429332720116e-05,0.20186978578567505,3.8928682804107666,1.3612109422683716,0.0008129600319080055,0.0007740000146441162
52,True,200000,10,3,0.0,4.0,0.00026167643954977393,0.20546650886535645,5.312266826629639,1.5173946619033813,0.0012746199499815702,0.0009319998789578676
53,False,200000,10,3,0.0,4.0,1.1094156434410252e-05,0.20547184348106384,3.565676689147949,1.5170713663101196,0.0012917999411001801,0.0008789999992586672
54,True,500000,10,3,0.0,4.0,1.3084961210552137e-05,0.143886536359787,1.364134430885315,1.0310497283935547,0.0022195398341864347,0.0009846999309957027
55,False,500000,10,3,0.0,4.0,0.0001460003259126097,0.2392723262310028,1.2963290214538574,1.1885627508163452,0.0022195198107510805,0.0009722199174575508
56,True,1000000,10,3,0.0,4.0,1.3365011000132654e-05,0.0016777709824964404,0.593025267124176,1.039631962776184,0.0018851000349968672,0.0005784599925391376
57,False,1000000,10,3,0.0,4.0,0.00010202283010585234,0.07357936352491379,0.8077828884124756,1.3508777618408203,0.0019092400325462222,0.0005930199986323714
58,True,2000000,10,3,0.0,4.0,8.790200809016824e-05,0.020502042025327682,54.10208511352539,1.0042222738265991,0.0034522200003266335,0.0007858800236135721
59,False,2000000,10,3,0.0,4.0,1.6923095245147124e-05,0.02052832953631878,1.586955189704895,1.0042784214019775,0.0034659600351005793,0.0007918800693005323
60,True,5000000,10,3,0.0,4.0,9.298077929997817e-05,0.18700721859931946,0.4782094359397888,0.9865298867225647,0.0032412600703537464,0.0005385199910961092
61,False,5000000,10,3,0.0,4.0,6.052408934920095e-06,0.18721869587898254,4.0438971519470215,0.9983734488487244,0.0032595598604530096,0.0005400399677455425
62,True,10000000,10,3,0.0,4.0,0.00014446873683482409,0.0314476378262043,0.9964101314544678,0.6617477536201477,0.00634570000693202,0.0009225000394508243
63,False,10000000,10,3,0.0,4.0,5.572887312155217e-05,0.16388264298439026,0.8396393060684204,0.8532342314720154,0.006375099997967482,0.0009406200260855258
64,False,0,0,0,0.0,0.0,0.0,0.0,0.0,0.0,0.0,0.0
65,False,0,0,0,0.0,0.0,0.0,0.0,0.0,0.0,0.0,0.0
66,False,0,0,0,0.0,0.0,0.0,0.0,0.0,0.0,0.0,0.0
67,False,0,0,0,0.0,0.0,0.0,0.0,0.0,0.0,0.0,0.0
68,False,0,0,0,0.0,0.0,0.0,0.0,0.0,0.0,0.0,0.0
69,False,0,0,0,0.0,0.0,0.0,0.0,0.0,0.0,0.0,0.0
70,False,0,0,0,0.0,0.0,0.0,0.0,0.0,0.0,0.0,0.0
71,False,0,0,0,0.0,0.0,0.0,0.0,0.0,0.0,0.0,0.0
72,False,0,0,0,0.0,0.0,0.0,0.0,0.0,0.0,0.0,0.0
73,False,0,0,0,0.0,0.0,0.0,0.0,0.0,0.0,0.0,0.0
74,False,0,0,0,0.0,0.0,0.0,0.0,0.0,0.0,0.0,0.0
75,False,0,0,0,0.0,0.0,0.0,0.0,0.0,0.0,0.0,0.0
76,False,0,0,0,0.0,0.0,0.0,0.0,0.0,0.0,0.0,0.0
77,False,0,0,0,0.0,0.0,0.0,0.0,0.0,0.0,0.0,0.0
78,False,0,0,0,0.0,0.0,0.0,0.0,0.0,0.0,0.0,0.0
79,False,0,0,0,0.0,0.0,0.0,0.0,0.0,0.0,0.0,0.0
80,False,0,0,0,0.0,0.0,0.0,0.0,0.0,0.0,0.0,0.0
81,False,0,0,0,0.0,0.0,0.0,0.0,0.0,0.0,0.0,0.0
82,False,0,0,0,0.0,0.0,0.0,0.0,0.0,0.0,0.0,0.0
83,False,0,0,0,0.0,0.0,0.0,0.0,0.0,0.0,0.0,0.0
84,False,0,0,0,0.0,0.0,0.0,0.0,0.0,0.0,0.0,0.0
85,False,0,0,0,0.0,0.0,0.0,0.0,0.0,0.0,0.0,0.0
86,False,0,0,0,0.0,0.0,0.0,0.0,0.0,0.0,0.0,0.0
87,False,0,0,0,0.0,0.0,0.0,0.0,0.0,0.0,0.0,0.0
88,False,0,0,0,0.0,0.0,0.0,0.0,0.0,0.0,0.0,0.0
89,False,0,0,0,0.0,0.0,0.0,0.0,0.0,0.0,0.0,0.0
90,False,0,0,0,0.0,0.0,0.0,0.0,0.0,0.0,0.0,0.0
91,False,0,0,0,0.0,0.0,0.0,0.0,0.0,0.0,0.0,0.0
92,False,0,0,0,0.0,0.0,0.0,0.0,0.0,0.0,0.0,0.0
93,False,0,0,0,0.0,0.0,0.0,0.0,0.0,0.0,0.0,0.0
94,False,0,0,0,0.0,0.0,0.0,0.0,0.0,0.0,0.0,0.0
95,False,0,0,0,0.0,0.0,0.0,0.0,0.0,0.0,0.0,0.0
96,False,0,0,0,0.0,0.0,0.0,0.0,0.0,0.0,0.0,0.0
97,False,0,0,0,0.0,0.0,0.0,0.0,0.0,0.0,0.0,0.0
98,False,0,0,0,0.0,0.0,0.0,0.0,0.0,0.0,0.0,0.0
99,False,0,0,0,0.0,0.0,0.0,0.0,0.0,0.0,0.0,0.0
100,False,0,0,0,0.0,0.0,0.0,0.0,0.0,0.0,0.0,0.0
101,False,0,0,0,0.0,0.0,0.0,0.0,0.0,0.0,0.0,0.0
102,False,0,0,0,0.0,0.0,0.0,0.0,0.0,0.0,0.0,0.0
103,False,0,0,0,0.0,0.0,0.0,0.0,0.0,0.0,0.0,0.0
104,False,0,0,0,0.0,0.0,0.0,0.0,0.0,0.0,0.0,0.0
105,False,0,0,0,0.0,0.0,0.0,0.0,0.0,0.0,0.0,0.0
106,False,0,0,0,0.0,0.0,0.0,0.0,0.0,0.0,0.0,0.0
107,False,0,0,0,0.0,0.0,0.0,0.0,0.0,0.0,0.0,0.0
108,False,0,0,0,0.0,0.0,0.0,0.0,0.0,0.0,0.0,0.0
109,False,0,0,0,0.0,0.0,0.0,0.0,0.0,0.0,0.0,0.0
110,False,0,0,0,0.0,0.0,0.0,0.0,0.0,0.0,0.0,0.0
111,False,0,0,0,0.0,0.0,0.0,0.0,0.0,0.0,0.0,0.0
112,False,0,0,0,0.0,0.0,0.0,0.0,0.0,0.0,0.0,0.0
113,False,0,0,0,0.0,0.0,0.0,0.0,0.0,0.0,0.0,0.0
114,False,0,0,0,0.0,0.0,0.0,0.0,0.0,0.0,0.0,0.0
115,False,0,0,0,0.0,0.0,0.0,0.0,0.0,0.0,0.0,0.0
116,False,0,0,0,0.0,0.0,0.0,0.0,0.0,0.0,0.0,0.0
117,False,0,0,0,0.0,0.0,0.0,0.0,0.0,0.0,0.0,0.0
118,False,0,0,0,0.0,0.0,0.0,0.0,0.0,0.0,0.0,0.0
119,False,0,0,0,0.0,0.0,0.0,0.0,0.0,0.0,0.0,0.0
120,False,0,0,0,0.0,0.0,0.0,0.0,0.0,0.0,0.0,0.0
121,False,0,0,0,0.0,0.0,0.0,0.0,0.0,0.0,0.0,0.0
122,False,0,0,0,0.0,0.0,0.0,0.0,0.0,0.0,0.0,0.0
123,False,0,0,0,0.0,0.0,0.0,0.0,0.0,0.0,0.0,0.0
124,False,0,0,0,0.0,0.0,0.0,0.0,0.0,0.0,0.0,0.0
125,False,0,0,0,0.0,0.0,0.0,0.0,0.0,0.0,0.0,0.0
126,False,0,0,0,0.0,0.0,0.0,0.0,0.0,0.0,0.0,0.0
127,False,0,0,0,0.0,0.0,0.0,0.0,0.0,0.0,0.0,0.0
128,False,0,0,0,0.0,0.0,0.0,0.0,0.0,0.0,0.0,0.0
129,False,0,0,0,0.0,0.0,0.0,0.0,0.0,0.0,0.0,0.0
130,False,0,0,0,0.0,0.0,0.0,0.0,0.0,0.0,0.0,0.0
131,False,0,0,0,0.0,0.0,0.0,0.0,0.0,0.0,0.0,0.0
132,False,0,0,0,0.0,0.0,0.0,0.0,0.0,0.0,0.0,0.0
133,False,0,0,0,0.0,0.0,0.0,0.0,0.0,0.0,0.0,0.0
134,False,0,0,0,0.0,0.0,0.0,0.0,0.0,0.0,0.0,0.0
135,False,0,0,0,0.0,0.0,0.0,0.0,0.0,0.0,0.0,0.0
136,False,0,0,0,0.0,0.0,0.0,0.0,0.0,0.0,0.0,0.0
137,False,0,0,0,0.0,0.0,0.0,0.0,0.0,0.0,0.0,0.0
138,False,0,0,0,0.0,0.0,0.0,0.0,0.0,0.0,0.0,0.0
139,False,0,0,0,0.0,0.0,0.0,0.0,0.0,0.0,0.0,0.0
140,False,0,0,0,0.0,0.0,0.0,0.0,0.0,0.0,0.0,0.0
141,False,0,0,0,0.0,0.0,0.0,0.0,0.0,0.0,0.0,0.0
142,False,0,0,0,0.0,0.0,0.0,0.0,0.0,0.0,0.0,0.0
143,False,0,0,0,0.0,0.0,0.0,0.0,0.0,0.0,0.0,0.0
144,False,0,0,0,0.0,0.0,0.0,0.0,0.0,0.0,0.0,0.0
145,False,0,0,0,0.0,0.0,0.0,0.0,0.0,0.0,0.0,0.0
146,False,0,0,0,0.0,0.0,0.0,0.0,0.0,0.0,0.0,0.0
147,False,0,0,0,0.0,0.0,0.0,0.0,0.0,0.0,0.0,0.0
148,False,0,0,0,0.0,0.0,0.0,0.0,0.0,0.0,0.0,0.0
149,False,0,0,0,0.0,0.0,0.0,0.0,0.0,0.0,0.0,0.0
150,False,0,0,0,0.0,0.0,0.0,0.0,0.0,0.0,0.0,0.0
151,False,0,0,0,0.0,0.0,0.0,0.0,0.0,0.0,0.0,0.0
152,False,0,0,0,0.0,0.0,0.0,0.0,0.0,0.0,0.0,0.0
153,False,0,0,0,0.0,0.0,0.0,0.0,0.0,0.0,0.0,0.0
154,False,0,0,0,0.0,0.0,0.0,0.0,0.0,0.0,0.0,0.0
155,False,0,0,0,0.0,0.0,0.0,0.0,0.0,0.0,0.0,0.0
156,False,0,0,0,0.0,0.0,0.0,0.0,0.0,0.0,0.0,0.0
157,False,0,0,0,0.0,0.0,0.0,0.0,0.0,0.0,0.0,0.0
158,False,0,0,0,0.0,0.0,0.0,0.0,0.0,0.0,0.0,0.0
159,False,0,0,0,0.0,0.0,0.0,0.0,0.0,0.0,0.0,0.0
160,False,0,0,0,0.0,0.0,0.0,0.0,0.0,0.0,0.0,0.0
161,False,0,0,0,0.0,0.0,0.0,0.0,0.0,0.0,0.0,0.0
162,False,0,0,0,0.0,0.0,0.0,0.0,0.0,0.0,0.0,0.0
163,False,0,0,0,0.0,0.0,0.0,0.0,0.0,0.0,0.0,0.0
164,False,0,0,0,0.0,0.0,0.0,0.0,0.0,0.0,0.0,0.0
165,False,0,0,0,0.0,0.0,0.0,0.0,0.0,0.0,0.0,0.0
166,False,0,0,0,0.0,0.0,0.0,0.0,0.0,0.0,0.0,0.0
167,False,0,0,0,0.0,0.0,0.0,0.0,0.0,0.0,0.0,0.0
168,False,0,0,0,0.0,0.0,0.0,0.0,0.0,0.0,0.0,0.0
169,False,0,0,0,0.0,0.0,0.0,0.0,0.0,0.0,0.0,0.0
170,False,0,0,0,0.0,0.0,0.0,0.0,0.0,0.0,0.0,0.0
171,False,0,0,0,0.0,0.0,0.0,0.0,0.0,0.0,0.0,0.0
172,False,0,0,0,0.0,0.0,0.0,0.0,0.0,0.0,0.0,0.0
173,False,0,0,0,0.0,0.0,0.0,0.0,0.0,0.0,0.0,0.0
174,False,0,0,0,0.0,0.0,0.0,0.0,0.0,0.0,0.0,0.0
175,False,0,0,0,0.0,0.0,0.0,0.0,0.0,0.0,0.0,0.0
176,False,0,0,0,0.0,0.0,0.0,0.0,0.0,0.0,0.0,0.0
177,False,0,0,0,0.0,0.0,0.0,0.0,0.0,0.0,0.0,0.0
178,False,0,0,0,0.0,0.0,0.0,0.0,0.0,0.0,0.0,0.0
179,False,0,0,0,0.0,0.0,0.0,0.0,0.0,0.0,0.0,0.0
180,False,0,0,0,0.0,0.0,0.0,0.0,0.0,0.0,0.0,0.0
181,False,0,0,0,0.0,0.0,0.0,0.0,0.0,0.0,0.0,0.0
182,False,0,0,0,0.0,0.0,0.0,0.0,0.0,0.0,0.0,0.0
183,False,0,0,0,0.0,0.0,0.0,0.0,0.0,0.0,0.0,0.0
184,False,0,0,0,0.0,0.0,0.0,0.0,0.0,0.0,0.0,0.0
185,False,0,0,0,0.0,0.0,0.0,0.0,0.0,0.0,0.0,0.0
186,False,0,0,0,0.0,0.0,0.0,0.0,0.0,0.0,0.0,0.0
187,False,0,0,0,0.0,0.0,0.0,0.0,0.0,0.0,0.0,0.0
188,False,0,0,0,0.0,0.0,0.0,0.0,0.0,0.0,0.0,0.0
189,False,0,0,0,0.0,0.0,0.0,0.0,0.0,0.0,0.0,0.0
190,False,0,0,0,0.0,0.0,0.0,0.0,0.0,0.0,0.0,0.0
191,False,0,0,0,0.0,0.0,0.0,0.0,0.0,0.0,0.0,0.0
192,False,0,0,0,0.0,0.0,0.0,0.0,0.0,0.0,0.0,0.0
193,False,0,0,0,0.0,0.0,0.0,0.0,0.0,0.0,0.0,0.0
194,False,0,0,0,0.0,0.0,0.0,0.0,0.0,0.0,0.0,0.0
195,False,0,0,0,0.0,0.0,0.0,0.0,0.0,0.0,0.0,0.0
196,False,0,0,0,0.0,0.0,0.0,0.0,0.0,0.0,0.0,0.0
197,False,0,0,0,0.0,0.0,0.0,0.0,0.0,0.0,0.0,0.0
198,False,0,0,0,0.0,0.0,0.0,0.0,0.0,0.0,0.0,0.0
199,False,0,0,0,0.0,0.0,0.0,0.0,0.0,0.0,0.0,0.0
200,False,0,0,0,0.0,0.0,0.0,0.0,0.0,0.0,0.0,0.0
201,False,0,0,0,0.0,0.0,0.0,0.0,0.0,0.0,0.0,0.0
202,False,0,0,0,0.0,0.0,0.0,0.0,0.0,0.0,0.0,0.0
203,False,0,0,0,0.0,0.0,0.0,0.0,0.0,0.0,0.0,0.0
204,False,0,0,0,0.0,0.0,0.0,0.0,0.0,0.0,0.0,0.0
205,False,0,0,0,0.0,0.0,0.0,0.0,0.0,0.0,0.0,0.0
206,False,0,0,0,0.0,0.0,0.0,0.0,0.0,0.0,0.0,0.0
207,False,0,0,0,0.0,0.0,0.0,0.0,0.0,0.0,0.0,0.0
208,False,0,0,0,0.0,0.0,0.0,0.0,0.0,0.0,0.0,0.0
209,False,0,0,0,0.0,0.0,0.0,0.0,0.0,0.0,0.0,0.0
210,False,0,0,0,0.0,0.0,0.0,0.0,0.0,0.0,0.0,0.0
211,False,0,0,0,0.0,0.0,0.0,0.0,0.0,0.0,0.0,0.0
212,False,0,0,0,0.0,0.0,0.0,0.0,0.0,0.0,0.0,0.0
213,False,0,0,0,0.0,0.0,0.0,0.0,0.0,0.0,0.0,0.0
214,False,0,0,0,0.0,0.0,0.0,0.0,0.0,0.0,0.0,0.0
215,False,0,0,0,0.0,0.0,0.0,0.0,0.0,0.0,0.0,0.0
216,False,0,0,0,0.0,0.0,0.0,0.0,0.0,0.0,0.0,0.0
217,False,0,0,0,0.0,0.0,0.0,0.0,0.0,0.0,0.0,0.0
218,False,0,0,0,0.0,0.0,0.0,0.0,0.0,0.0,0.0,0.0
219,False,0,0,0,0.0,0.0,0.0,0.0,0.0,0.0,0.0,0.0
220,False,0,0,0,0.0,0.0,0.0,0.0,0.0,0.0,0.0,0.0
221,False,0,0,0,0.0,0.0,0.0,0.0,0.0,0.0,0.0,0.0
222,False,0,0,0,0.0,0.0,0.0,0.0,0.0,0.0,0.0,0.0
223,False,0,0,0,0.0,0.0,0.0,0.0,0.0,0.0,0.0,0.0
224,False,0,0,0,0.0,0.0,0.0,0.0,0.0,0.0,0.0,0.0
225,False,0,0,0,0.0,0.0,0.0,0.0,0.0,0.0,0.0,0.0
226,False,0,0,0,0.0,0.0,0.0,0.0,0.0,0.0,0.0,0.0
227,False,0,0,0,0.0,0.0,0.0,0.0,0.0,0.0,0.0,0.0
228,False,0,0,0,0.0,0.0,0.0,0.0,0.0,0.0,0.0,0.0
229,False,0,0,0,0.0,0.0,0.0,0.0,0.0,0.0,0.0,0.0
230,False,0,0,0,0.0,0.0,0.0,0.0,0.0,0.0,0.0,0.0
231,False,0,0,0,0.0,0.0,0.0,0.0,0.0,0.0,0.0,0.0
232,False,0,0,0,0.0,0.0,0.0,0.0,0.0,0.0,0.0,0.0
233,False,0,0,0,0.0,0.0,0.0,0.0,0.0,0.0,0.0,0.0
234,False,0,0,0,0.0,0.0,0.0,0.0,0.0,0.0,0.0,0.0
235,False,0,0,0,0.0,0.0,0.0,0.0,0.0,0.0,0.0,0.0
236,False,0,0,0,0.0,0.0,0.0,0.0,0.0,0.0,0.0,0.0
237,False,0,0,0,0.0,0.0,0.0,0.0,0.0,0.0,0.0,0.0
238,False,0,0,0,0.0,0.0,0.0,0.0,0.0,0.0,0.0,0.0
239,False,0,0,0,0.0,0.0,0.0,0.0,0.0,0.0,0.0,0.0
240,False,0,0,0,0.0,0.0,0.0,0.0,0.0,0.0,0.0,0.0
241,False,0,0,0,0.0,0.0,0.0,0.0,0.0,0.0,0.0,0.0
242,False,0,0,0,0.0,0.0,0.0,0.0,0.0,0.0,0.0,0.0
243,False,0,0,0,0.0,0.0,0.0,0.0,0.0,0.0,0.0,0.0
244,False,0,0,0,0.0,0.0,0.0,0.0,0.0,0.0,0.0,0.0
245,False,0,0,0,0.0,0.0,0.0,0.0,0.0,0.0,0.0,0.0
246,False,0,0,0,0.0,0.0,0.0,0.0,0.0,0.0,0.0,0.0
247,False,0,0,0,0.0,0.0,0.0,0.0,0.0,0.0,0.0,0.0
248,False,0,0,0,0.0,0.0,0.0,0.0,0.0,0.0,0.0,0.0
249,False,0,0,0,0.0,0.0,0.0,0.0,0.0,0.0,0.0,0.0
250,False,0,0,0,0.0,0.0,0.0,0.0,0.0,0.0,0.0,0.0
251,False,0,0,0,0.0,0.0,0.0,0.0,0.0,0.0,0.0,0.0
252,False,0,0,0,0.0,0.0,0.0,0.0,0.0,0.0,0.0,0.0
253,False,0,0,0,0.0,0.0,0.0,0.0,0.0,0.0,0.0,0.0
254,False,0,0,0,0.0,0.0,0.0,0.0,0.0,0.0,0.0,0.0
255,False,0,0,0,0.0,0.0,0.0,0.0,0.0,0.0,0.0,0.0
256,False,0,0,0,0.0,0.0,0.0,0.0,0.0,0.0,0.0,0.0
257,False,0,0,0,0.0,0.0,0.0,0.0,0.0,0.0,0.0,0.0
258,False,0,0,0,0.0,0.0,0.0,0.0,0.0,0.0,0.0,0.0
259,False,0,0,0,0.0,0.0,0.0,0.0,0.0,0.0,0.0,0.0
260,False,0,0,0,0.0,0.0,0.0,0.0,0.0,0.0,0.0,0.0
261,False,0,0,0,0.0,0.0,0.0,0.0,0.0,0.0,0.0,0.0
262,False,0,0,0,0.0,0.0,0.0,0.0,0.0,0.0,0.0,0.0
263,False,0,0,0,0.0,0.0,0.0,0.0,0.0,0.0,0.0,0.0
264,False,0,0,0,0.0,0.0,0.0,0.0,0.0,0.0,0.0,0.0
265,False,0,0,0,0.0,0.0,0.0,0.0,0.0,0.0,0.0,0.0
266,False,0,0,0,0.0,0.0,0.0,0.0,0.0,0.0,0.0,0.0
267,False,0,0,0,0.0,0.0,0.0,0.0,0.0,0.0,0.0,0.0
268,False,0,0,0,0.0,0.0,0.0,0.0,0.0,0.0,0.0,0.0
269,False,0,0,0,0.0,0.0,0.0,0.0,0.0,0.0,0.0,0.0
270,False,0,0,0,0.0,0.0,0.0,0.0,0.0,0.0,0.0,0.0
271,False,0,0,0,0.0,0.0,0.0,0.0,0.0,0.0,0.0,0.0
272,False,0,0,0,0.0,0.0,0.0,0.0,0.0,0.0,0.0,0.0
273,False,0,0,0,0.0,0.0,0.0,0.0,0.0,0.0,0.0,0.0
274,False,0,0,0,0.0,0.0,0.0,0.0,0.0,0.0,0.0,0.0
275,False,0,0,0,0.0,0.0,0.0,0.0,0.0,0.0,0.0,0.0
276,False,0,0,0,0.0,0.0,0.0,0.0,0.0,0.0,0.0,0.0
277,False,0,0,0,0.0,0.0,0.0,0.0,0.0,0.0,0.0,0.0
278,False,0,0,0,0.0,0.0,0.0,0.0,0.0,0.0,0.0,0.0
279,False,0,0,0,0.0,0.0,0.0,0.0,0.0,0.0,0.0,0.0
280,False,0,0,0,0.0,0.0,0.0,0.0,0.0,0.0,0.0,0.0
281,False,0,0,0,0.0,0.0,0.0,0.0,0.0,0.0,0.0,0.0
282,False,0,0,0,0.0,0.0,0.0,0.0,0.0,0.0,0.0,0.0
283,False,0,0,0,0.0,0.0,0.0,0.0,0.0,0.0,0.0,0.0
284,False,0,0,0,0.0,0.0,0.0,0.0,0.0,0.0,0.0,0.0
285,False,0,0,0,0.0,0.0,0.0,0.0,0.0,0.0,0.0,0.0
286,False,0,0,0,0.0,0.0,0.0,0.0,0.0,0.0,0.0,0.0
287,False,0,0,0,0.0,0.0,0.0,0.0,0.0,0.0,0.0,0.0
288,False,0,0,0,0.0,0.0,0.0,0.0,0.0,0.0,0.0,0.0
289,False,0,0,0,0.0,0.0,0.0,0.0,0.0,0.0,0.0,0.0
290,False,0,0,0,0.0,0.0,0.0,0.0,0.0,0.0,0.0,0.0
291,False,0,0,0,0.0,0.0,0.0,0.0,0.0,0.0,0.0,0.0
292,False,0,0,0,0.0,0.0,0.0,0.0,0.0,0.0,0.0,0.0
293,False,0,0,0,0.0,0.0,0.0,0.0,0.0,0.0,0.0,0.0
294,False,0,0,0,0.0,0.0,0.0,0.0,0.0,0.0,0.0,0.0
295,False,0,0,0,0.0,0.0,0.0,0.0,0.0,0.0,0.0,0.0
296,False,0,0,0,0.0,0.0,0.0,0.0,0.0,0.0,0.0,0.0
297,False,0,0,0,0.0,0.0,0.0,0.0,0.0,0.0,0.0,0.0
298,False,0,0,0,0.0,0.0,0.0,0.0,0.0,0.0,0.0,0.0
299,False,0,0,0,0.0,0.0,0.0,0.0,0.0,0.0,0.0,0.0
300,False,0,0,0,0.0,0.0,0.0,0.0,0.0,0.0,0.0,0.0
301,False,0,0,0,0.0,0.0,0.0,0.0,0.0,0.0,0.0,0.0
302,False,0,0,0,0.0,0.0,0.0,0.0,0.0,0.0,0.0,0.0
303,False,0,0,0,0.0,0.0,0.0,0.0,0.0,0.0,0.0,0.0
304,False,0,0,0,0.0,0.0,0.0,0.0,0.0,0.0,0.0,0.0
305,False,0,0,0,0.0,0.0,0.0,0.0,0.0,0.0,0.0,0.0
306,False,0,0,0,0.0,0.0,0.0,0.0,0.0,0.0,0.0,0.0
307,False,0,0,0,0.0,0.0,0.0,0.0,0.0,0.0,0.0,0.0
308,False,0,0,0,0.0,0.0,0.0,0.0,0.0,0.0,0.0,0.0
309,False,0,0,0,0.0,0.0,0.0,0.0,0.0,0.0,0.0,0.0
310,False,0,0,0,0.0,0.0,0.0,0.0,0.0,0.0,0.0,0.0
311,False,0,0,0,0.0,0.0,0.0,0.0,0.0,0.0,0.0,0.0
312,False,0,0,0,0.0,0.0,0.0,0.0,0.0,0.0,0.0,0.0
313,False,0,0,0,0.0,0.0,0.0,0.0,0.0,0.0,0.0,0.0
314,False,0,0,0,0.0,0.0,0.0,0.0,0.0,0.0,0.0,0.0
315,False,0,0,0,0.0,0.0,0.0,0.0,0.0,0.0,0.0,0.0
316,False,0,0,0,0.0,0.0,0.0,0.0,0.0,0.0,0.0,0.0
317,False,0,0,0,0.0,0.0,0.0,0.0,0.0,0.0,0.0,0.0
318,False,0,0,0,0.0,0.0,0.0,0.0,0.0,0.0,0.0,0.0
319,False,0,0,0,0.0,0.0,0.0,0.0,0.0,0.0,0.0,0.0
320,False,0,0,0,0.0,0.0,0.0,0.0,0.0,0.0,0.0,0.0
321,False,0,0,0,0.0,0.0,0.0,0.0,0.0,0.0,0.0,0.0
322,False,0,0,0,0.0,0.0,0.0,0.0,0.0,0.0,0.0,0.0
323,False,0,0,0,0.0,0.0,0.0,0.0,0.0,0.0,0.0,0.0
324,False,0,0,0,0.0,0.0,0.0,0.0,0.0,0.0,0.0,0.0
325,False,0,0,0,0.0,0.0,0.0,0.0,0.0,0.0,0.0,0.0
326,False,0,0,0,0.0,0.0,0.0,0.0,0.0,0.0,0.0,0.0
327,False,0,0,0,0.0,0.0,0.0,0.0,0.0,0.0,0.0,0.0
328,False,0,0,0,0.0,0.0,0.0,0.0,0.0,0.0,0.0,0.0
329,False,0,0,0,0.0,0.0,0.0,0.0,0.0,0.0,0.0,0.0
330,False,0,0,0,0.0,0.0,0.0,0.0,0.0,0.0,0.0,0.0
331,False,0,0,0,0.0,0.0,0.0,0.0,0.0,0.0,0.0,0.0
332,False,0,0,0,0.0,0.0,0.0,0.0,0.0,0.0,0.0,0.0
333,False,0,0,0,0.0,0.0,0.0,0.0,0.0,0.0,0.0,0.0
334,False,0,0,0,0.0,0.0,0.0,0.0,0.0,0.0,0.0,0.0
335,False,0,0,0,0.0,0.0,0.0,0.0,0.0,0.0,0.0,0.0
336,False,0,0,0,0.0,0.0,0.0,0.0,0.0,0.0,0.0,0.0
337,False,0,0,0,0.0,0.0,0.0,0.0,0.0,0.0,0.0,0.0
338,False,0,0,0,0.0,0.0,0.0,0.0,0.0,0.0,0.0,0.0
339,False,0,0,0,0.0,0.0,0.0,0.0,0.0,0.0,0.0,0.0
340,False,0,0,0,0.0,0.0,0.0,0.0,0.0,0.0,0.0,0.0
341,False,0,0,0,0.0,0.0,0.0,0.0,0.0,0.0,0.0,0.0
342,False,0,0,0,0.0,0.0,0.0,0.0,0.0,0.0,0.0,0.0
343,False,0,0,0,0.0,0.0,0.0,0.0,0.0,0.0,0.0,0.0
344,False,0,0,0,0.0,0.0,0.0,0.0,0.0,0.0,0.0,0.0
345,False,0,0,0,0.0,0.0,0.0,0.0,0.0,0.0,0.0,0.0
346,False,0,0,0,0.0,0.0,0.0,0.0,0.0,0.0,0.0,0.0
347,False,0,0,0,0.0,0.0,0.0,0.0,0.0,0.0,0.0,0.0
348,False,0,0,0,0.0,0.0,0.0,0.0,0.0,0.0,0.0,0.0
349,False,0,0,0,0.0,0.0,0.0,0.0,0.0,0.0,0.0,0.0
350,False,0,0,0,0.0,0.0,0.0,0.0,0.0,0.0,0.0,0.0
351,False,0,0,0,0.0,0.0,0.0,0.0,0.0,0.0,0.0,0.0
352,False,0,0,0,0.0,0.0,0.0,0.0,0.0,0.0,0.0,0.0
353,False,0,0,0,0.0,0.0,0.0,0.0,0.0,0.0,0.0,0.0
354,False,0,0,0,0.0,0.0,0.0,0.0,0.0,0.0,0.0,0.0
355,False,0,0,0,0.0,0.0,0.0,0.0,0.0,0.0,0.0,0.0
356,False,0,0,0,0.0,0.0,0.0,0.0,0.0,0.0,0.0,0.0
357,False,0,0,0,0.0,0.0,0.0,0.0,0.0,0.0,0.0,0.0
358,False,0,0,0,0.0,0.0,0.0,0.0,0.0,0.0,0.0,0.0
359,False,0,0,0,0.0,0.0,0.0,0.0,0.0,0.0,0.0,0.0
360,False,0,0,0,0.0,0.0,0.0,0.0,0.0,0.0,0.0,0.0
361,False,0,0,0,0.0,0.0,0.0,0.0,0.0,0.0,0.0,0.0
362,False,0,0,0,0.0,0.0,0.0,0.0,0.0,0.0,0.0,0.0
363,False,0,0,0,0.0,0.0,0.0,0.0,0.0,0.0,0.0,0.0
364,False,0,0,0,0.0,0.0,0.0,0.0,0.0,0.0,0.0,0.0
365,False,0,0,0,0.0,0.0,0.0,0.0,0.0,0.0,0.0,0.0
366,False,0,0,0,0.0,0.0,0.0,0.0,0.0,0.0,0.0,0.0
367,False,0,0,0,0.0,0.0,0.0,0.0,0.0,0.0,0.0,0.0
368,False,0,0,0,0.0,0.0,0.0,0.0,0.0,0.0,0.0,0.0
369,False,0,0,0,0.0,0.0,0.0,0.0,0.0,0.0,0.0,0.0
370,False,0,0,0,0.0,0.0,0.0,0.0,0.0,0.0,0.0,0.0
371,False,0,0,0,0.0,0.0,0.0,0.0,0.0,0.0,0.0,0.0
372,False,0,0,0,0.0,0.0,0.0,0.0,0.0,0.0,0.0,0.0
373,False,0,0,0,0.0,0.0,0.0,0.0,0.0,0.0,0.0,0.0
374,False,0,0,0,0.0,0.0,0.0,0.0,0.0,0.0,0.0,0.0
375,False,0,0,0,0.0,0.0,0.0,0.0,0.0,0.0,0.0,0.0
376,False,0,0,0,0.0,0.0,0.0,0.0,0.0,0.0,0.0,0.0
377,False,0,0,0,0.0,0.0,0.0,0.0,0.0,0.0,0.0,0.0
378,False,0,0,0,0.0,0.0,0.0,0.0,0.0,0.0,0.0,0.0
379,False,0,0,0,0.0,0.0,0.0,0.0,0.0,0.0,0.0,0.0
380,False,0,0,0,0.0,0.0,0.0,0.0,0.0,0.0,0.0,0.0
381,False,0,0,0,0.0,0.0,0.0,0.0,0.0,0.0,0.0,0.0
382,False,0,0,0,0.0,0.0,0.0,0.0,0.0,0.0,0.0,0.0
383,False,0,0,0,0.0,0.0,0.0,0.0,0.0,0.0,0.0,0.0
384,False,0,0,0,0.0,0.0,0.0,0.0,0.0,0.0,0.0,0.0
385,False,0,0,0,0.0,0.0,0.0,0.0,0.0,0.0,0.0,0.0
386,False,0,0,0,0.0,0.0,0.0,0.0,0.0,0.0,0.0,0.0
387,False,0,0,0,0.0,0.0,0.0,0.0,0.0,0.0,0.0,0.0
388,False,0,0,0,0.0,0.0,0.0,0.0,0.0,0.0,0.0,0.0
389,False,0,0,0,0.0,0.0,0.0,0.0,0.0,0.0,0.0,0.0
390,False,0,0,0,0.0,0.0,0.0,0.0,0.0,0.0,0.0,0.0
391,False,0,0,0,0.0,0.0,0.0,0.0,0.0,0.0,0.0,0.0
392,False,0,0,0,0.0,0.0,0.0,0.0,0.0,0.0,0.0,0.0
393,False,0,0,0,0.0,0.0,0.0,0.0,0.0,0.0,0.0,0.0
394,False,0,0,0,0.0,0.0,0.0,0.0,0.0,0.0,0.0,0.0
395,False,0,0,0,0.0,0.0,0.0,0.0,0.0,0.0,0.0,0.0
396,False,0,0,0,0.0,0.0,0.0,0.0,0.0,0.0,0.0,0.0
397,False,0,0,0,0.0,0.0,0.0,0.0,0.0,0.0,0.0,0.0
398,False,0,0,0,0.0,0.0,0.0,0.0,0.0,0.0,0.0,0.0
399,False,0,0,0,0.0,0.0,0.0,0.0,0.0,0.0,0.0,0.0
400,False,0,0,0,0.0,0.0,0.0,0.0,0.0,0.0,0.0,0.0
401,False,0,0,0,0.0,0.0,0.0,0.0,0.0,0.0,0.0,0.0
402,False,0,0,0,0.0,0.0,0.0,0.0,0.0,0.0,0.0,0.0
403,False,0,0,0,0.0,0.0,0.0,0.0,0.0,0.0,0.0,0.0
404,False,0,0,0,0.0,0.0,0.0,0.0,0.0,0.0,0.0,0.0
405,False,0,0,0,0.0,0.0,0.0,0.0,0.0,0.0,0.0,0.0
406,False,0,0,0,0.0,0.0,0.0,0.0,0.0,0.0,0.0,0.0
407,False,0,0,0,0.0,0.0,0.0,0.0,0.0,0.0,0.0,0.0
408,False,0,0,0,0.0,0.0,0.0,0.0,0.0,0.0,0.0,0.0
409,False,0,0,0,0.0,0.0,0.0,0.0,0.0,0.0,0.0,0.0
410,False,0,0,0,0.0,0.0,0.0,0.0,0.0,0.0,0.0,0.0
411,False,0,0,0,0.0,0.0,0.0,0.0,0.0,0.0,0.0,0.0
412,False,0,0,0,0.0,0.0,0.0,0.0,0.0,0.0,0.0,0.0
413,False,0,0,0,0.0,0.0,0.0,0.0,0.0,0.0,0.0,0.0
414,False,0,0,0,0.0,0.0,0.0,0.0,0.0,0.0,0.0,0.0
415,False,0,0,0,0.0,0.0,0.0,0.0,0.0,0.0,0.0,0.0
416,False,0,0,0,0.0,0.0,0.0,0.0,0.0,0.0,0.0,0.0
417,False,0,0,0,0.0,0.0,0.0,0.0,0.0,0.0,0.0,0.0
418,False,0,0,0,0.0,0.0,0.0,0.0,0.0,0.0,0.0,0.0
419,False,0,0,0,0.0,0.0,0.0,0.0,0.0,0.0,0.0,0.0
420,False,0,0,0,0.0,0.0,0.0,0.0,0.0,0.0,0.0,0.0
421,False,0,0,0,0.0,0.0,0.0,0.0,0.0,0.0,0.0,0.0
422,False,0,0,0,0.0,0.0,0.0,0.0,0.0,0.0,0.0,0.0
423,False,0,0,0,0.0,0.0,0.0,0.0,0.0,0.0,0.0,0.0
424,False,0,0,0,0.0,0.0,0.0,0.0,0.0,0.0,0.0,0.0
425,False,0,0,0,0.0,0.0,0.0,0.0,0.0,0.0,0.0,0.0
426,False,0,0,0,0.0,0.0,0.0,0.0,0.0,0.0,0.0,0.0
427,False,0,0,0,0.0,0.0,0.0,0.0,0.0,0.0,0.0,0.0
428,False,0,0,0,0.0,0.0,0.0,0.0,0.0,0.0,0.0,0.0
429,False,0,0,0,0.0,0.0,0.0,0.0,0.0,0.0,0.0,0.0
430,False,0,0,0,0.0,0.0,0.0,0.0,0.0,0.0,0.0,0.0
431,False,0,0,0,0.0,0.0,0.0,0.0,0.0,0.0,0.0,0.0
432,False,0,0,0,0.0,0.0,0.0,0.0,0.0,0.0,0.0,0.0
433,False,0,0,0,0.0,0.0,0.0,0.0,0.0,0.0,0.0,0.0
434,False,0,0,0,0.0,0.0,0.0,0.0,0.0,0.0,0.0,0.0
435,False,0,0,0,0.0,0.0,0.0,0.0,0.0,0.0,0.0,0.0
436,False,0,0,0,0.0,0.0,0.0,0.0,0.0,0.0,0.0,0.0
437,False,0,0,0,0.0,0.0,0.0,0.0,0.0,0.0,0.0,0.0
438,False,0,0,0,0.0,0.0,0.0,0.0,0.0,0.0,0.0,0.0
439,False,0,0,0,0.0,0.0,0.0,0.0,0.0,0.0,0.0,0.0
440,False,0,0,0,0.0,0.0,0.0,0.0,0.0,0.0,0.0,0.0
441,False,0,0,0,0.0,0.0,0.0,0.0,0.0,0.0,0.0,0.0
442,False,0,0,0,0.0,0.0,0.0,0.0,0.0,0.0,0.0,0.0
443,False,0,0,0,0.0,0.0,0.0,0.0,0.0,0.0,0.0,0.0
444,False,0,0,0,0.0,0.0,0.0,0.0,0.0,0.0,0.0,0.0
445,False,0,0,0,0.0,0.0,0.0,0.0,0.0,0.0,0.0,0.0
446,False,0,0,0,0.0,0.0,0.0,0.0,0.0,0.0,0.0,0.0
447,False,0,0,0,0.0,0.0,0.0,0.0,0.0,0.0,0.0,0.0
448,False,0,0,0,0.0,0.0,0.0,0.0,0.0,0.0,0.0,0.0
449,False,0,0,0,0.0,0.0,0.0,0.0,0.0,0.0,0.0,0.0
450,False,0,0,0,0.0,0.0,0.0,0.0,0.0,0.0,0.0,0.0
451,False,0,0,0,0.0,0.0,0.0,0.0,0.0,0.0,0.0,0.0
452,False,0,0,0,0.0,0.0,0.0,0.0,0.0,0.0,0.0,0.0
453,False,0,0,0,0.0,0.0,0.0,0.0,0.0,0.0,0.0,0.0
454,False,0,0,0,0.0,0.0,0.0,0.0,0.0,0.0,0.0,0.0
455,False,0,0,0,0.0,0.0,0.0,0.0,0.0,0.0,0.0,0.0
456,False,0,0,0,0.0,0.0,0.0,0.0,0.0,0.0,0.0,0.0
457,False,0,0,0,0.0,0.0,0.0,0.0,0.0,0.0,0.0,0.0
458,False,0,0,0,0.0,0.0,0.0,0.0,0.0,0.0,0.0,0.0
459,False,0,0,0,0.0,0.0,0.0,0.0,0.0,0.0,0.0,0.0
460,False,0,0,0,0.0,0.0,0.0,0.0,0.0,0.0,0.0,0.0
461,False,0,0,0,0.0,0.0,0.0,0.0,0.0,0.0,0.0,0.0
462,False,0,0,0,0.0,0.0,0.0,0.0,0.0,0.0,0.0,0.0
463,False,0,0,0,0.0,0.0,0.0,0.0,0.0,0.0,0.0,0.0
464,False,0,0,0,0.0,0.0,0.0,0.0,0.0,0.0,0.0,0.0
465,False,0,0,0,0.0,0.0,0.0,0.0,0.0,0.0,0.0,0.0
466,False,0,0,0,0.0,0.0,0.0,0.0,0.0,0.0,0.0,0.0
467,False,0,0,0,0.0,0.0,0.0,0.0,0.0,0.0,0.0,0.0
468,False,0,0,0,0.0,0.0,0.0,0.0,0.0,0.0,0.0,0.0
469,False,0,0,0,0.0,0.0,0.0,0.0,0.0,0.0,0.0,0.0
470,False,0,0,0,0.0,0.0,0.0,0.0,0.0,0.0,0.0,0.0
471,False,0,0,0,0.0,0.0,0.0,0.0,0.0,0.0,0.0,0.0
472,False,0,0,0,0.0,0.0,0.0,0.0,0.0,0.0,0.0,0.0
473,False,0,0,0,0.0,0.0,0.0,0.0,0.0,0.0,0.0,0.0
474,False,0,0,0,0.0,0.0,0.0,0.0,0.0,0.0,0.0,0.0
475,False,0,0,0,0.0,0.0,0.0,0.0,0.0,0.0,0.0,0.0
476,False,0,0,0,0.0,0.0,0.0,0.0,0.0,0.0,0.0,0.0
477,False,0,0,0,0.0,0.0,0.0,0.0,0.0,0.0,0.0,0.0
478,False,0,0,0,0.0,0.0,0.0,0.0,0.0,0.0,0.0,0.0
479,False,0,0,0,0.0,0.0,0.0,0.0,0.0,0.0,0.0,0.0
480,False,0,0,0,0.0,0.0,0.0,0.0,0.0,0.0,0.0,0.0
481,False,0,0,0,0.0,0.0,0.0,0.0,0.0,0.0,0.0,0.0
482,False,0,0,0,0.0,0.0,0.0,0.0,0.0,0.0,0.0,0.0
483,False,0,0,0,0.0,0.0,0.0,0.0,0.0,0.0,0.0,0.0
484,False,0,0,0,0.0,0.0,0.0,0.0,0.0,0.0,0.0,0.0
485,False,0,0,0,0.0,0.0,0.0,0.0,0.0,0.0,0.0,0.0
486,False,0,0,0,0.0,0.0,0.0,0.0,0.0,0.0,0.0,0.0
487,False,0,0,0,0.0,0.0,0.0,0.0,0.0,0.0,0.0,0.0
488,False,0,0,0,0.0,0.0,0.0,0.0,0.0,0.0,0.0,0.0
489,False,0,0,0,0.0,0.0,0.0,0.0,0.0,0.0,0.0,0.0
490,False,0,0,0,0.0,0.0,0.0,0.0,0.0,0.0,0.0,0.0
491,False,0,0,0,0.0,0.0,0.0,0.0,0.0,0.0,0.0,0.0
492,False,0,0,0,0.0,0.0,0.0,0.0,0.0,0.0,0.0,0.0
493,False,0,0,0,0.0,0.0,0.0,0.0,0.0,0.0,0.0,0.0
494,False,0,0,0,0.0,0.0,0.0,0.0,0.0,0.0,0.0,0.0
495,False,0,0,0,0.0,0.0,0.0,0.0,0.0,0.0,0.0,0.0
496,False,0,0,0,0.0,0.0,0.0,0.0,0.0,0.0,0.0,0.0
497,False,0,0,0,0.0,0.0,0.0,0.0,0.0,0.0,0.0,0.0
498,False,0,0,0,0.0,0.0,0.0,0.0,0.0,0.0,0.0,0.0
499,False,0,0,0,0.0,0.0,0.0,0.0,0.0,0.0,0.0,0.0
500,False,0,0,0,0.0,0.0,0.0,0.0,0.0,0.0,0.0,0.0
501,False,0,0,0,0.0,0.0,0.0,0.0,0.0,0.0,0.0,0.0
502,False,0,0,0,0.0,0.0,0.0,0.0,0.0,0.0,0.0,0.0
503,False,0,0,0,0.0,0.0,0.0,0.0,0.0,0.0,0.0,0.0
504,False,0,0,0,0.0,0.0,0.0,0.0,0.0,0.0,0.0,0.0
505,False,0,0,0,0.0,0.0,0.0,0.0,0.0,0.0,0.0,0.0
506,False,0,0,0,0.0,0.0,0.0,0.0,0.0,0.0,0.0,0.0
507,False,0,0,0,0.0,0.0,0.0,0.0,0.0,0.0,0.0,0.0
508,False,0,0,0,0.0,0.0,0.0,0.0,0.0,0.0,0.0,0.0
509,False,0,0,0,0.0,0.0,0.0,0.0,0.0,0.0,0.0,0.0
510,False,0,0,0,0.0,0.0,0.0,0.0,0.0,0.0,0.0,0.0
511,False,0,0,0,0.0,0.0,0.0,0.0,0.0,0.0,0.0,0.0
512,False,0,0,0,0.0,0.0,0.0,0.0,0.0,0.0,0.0,0.0
513,False,0,0,0,0.0,0.0,0.0,0.0,0.0,0.0,0.0,0.0
514,False,0,0,0,0.0,0.0,0.0,0.0,0.0,0.0,0.0,0.0
515,False,0,0,0,0.0,0.0,0.0,0.0,0.0,0.0,0.0,0.0
516,False,0,0,0,0.0,0.0,0.0,0.0,0.0,0.0,0.0,0.0
517,False,0,0,0,0.0,0.0,0.0,0.0,0.0,0.0,0.0,0.0
518,False,0,0,0,0.0,0.0,0.0,0.0,0.0,0.0,0.0,0.0
519,False,0,0,0,0.0,0.0,0.0,0.0,0.0,0.0,0.0,0.0
520,False,0,0,0,0.0,0.0,0.0,0.0,0.0,0.0,0.0,0.0
521,False,0,0,0,0.0,0.0,0.0,0.0,0.0,0.0,0.0,0.0
522,False,0,0,0,0.0,0.0,0.0,0.0,0.0,0.0,0.0,0.0
523,False,0,0,0,0.0,0.0,0.0,0.0,0.0,0.0,0.0,0.0
524,False,0,0,0,0.0,0.0,0.0,0.0,0.0,0.0,0.0,0.0
525,False,0,0,0,0.0,0.0,0.0,0.0,0.0,0.0,0.0,0.0
526,False,0,0,0,0.0,0.0,0.0,0.0,0.0,0.0,0.0,0.0
527,False,0,0,0,0.0,0.0,0.0,0.0,0.0,0.0,0.0,0.0
528,False,0,0,0,0.0,0.0,0.0,0.0,0.0,0.0,0.0,0.0
529,False,0,0,0,0.0,0.0,0.0,0.0,0.0,0.0,0.0,0.0
530,False,0,0,0,0.0,0.0,0.0,0.0,0.0,0.0,0.0,0.0
531,False,0,0,0,0.0,0.0,0.0,0.0,0.0,0.0,0.0,0.0
532,False,0,0,0,0.0,0.0,0.0,0.0,0.0,0.0,0.0,0.0
533,False,0,0,0,0.0,0.0,0.0,0.0,0.0,0.0,0.0,0.0
534,False,0,0,0,0.0,0.0,0.0,0.0,0.0,0.0,0.0,0.0
535,False,0,0,0,0.0,0.0,0.0,0.0,0.0,0.0,0.0,0.0
536,False,0,0,0,0.0,0.0,0.0,0.0,0.0,0.0,0.0,0.0
537,False,0,0,0,0.0,0.0,0.0,0.0,0.0,0.0,0.0,0.0
538,False,0,0,0,0.0,0.0,0.0,0.0,0.0,0.0,0.0,0.0
539,False,0,0,0,0.0,0.0,0.0,0.0,0.0,0.0,0.0,0.0
540,False,0,0,0,0.0,0.0,0.0,0.0,0.0,0.0,0.0,0.0
541,False,0,0,0,0.0,0.0,0.0,0.0,0.0,0.0,0.0,0.0
542,False,0,0,0,0.0,0.0,0.0,0.0,0.0,0.0,0.0,0.0
543,False,0,0,0,0.0,0.0,0.0,0.0,0.0,0.0,0.0,0.0
544,False,0,0,0,0.0,0.0,0.0,0.0,0.0,0.0,0.0,0.0
545,False,0,0,0,0.0,0.0,0.0,0.0,0.0,0.0,0.0,0.0
546,False,0,0,0,0.0,0.0,0.0,0.0,0.0,0.0,0.0,0.0
547,False,0,0,0,0.0,0.0,0.0,0.0,0.0,0.0,0.0,0.0
548,False,0,0,0,0.0,0.0,0.0,0.0,0.0,0.0,0.0,0.0
549,False,0,0,0,0.0,0.0,0.0,0.0,0.0,0.0,0.0,0.0
550,False,0,0,0,0.0,0.0,0.0,0.0,0.0,0.0,0.0,0.0
551,False,0,0,0,0.0,0.0,0.0,0.0,0.0,0.0,0.0,0.0
552,False,0,0,0,0.0,0.0,0.0,0.0,0.0,0.0,0.0,0.0
553,False,0,0,0,0.0,0.0,0.0,0.0,0.0,0.0,0.0,0.0
554,False,0,0,0,0.0,0.0,0.0,0.0,0.0,0.0,0.0,0.0
555,False,0,0,0,0.0,0.0,0.0,0.0,0.0,0.0,0.0,0.0
556,False,0,0,0,0.0,0.0,0.0,0.0,0.0,0.0,0.0,0.0
557,False,0,0,0,0.0,0.0,0.0,0.0,0.0,0.0,0.0,0.0
558,False,0,0,0,0.0,0.0,0.0,0.0,0.0,0.0,0.0,0.0
559,False,0,0,0,0.0,0.0,0.0,0.0,0.0,0.0,0.0,0.0
560,False,0,0,0,0.0,0.0,0.0,0.0,0.0,0.0,0.0,0.0
561,False,0,0,0,0.0,0.0,0.0,0.0,0.0,0.0,0.0,0.0
562,False,0,0,0,0.0,0.0,0.0,0.0,0.0,0.0,0.0,0.0
563,False,0,0,0,0.0,0.0,0.0,0.0,0.0,0.0,0.0,0.0
564,False,0,0,0,0.0,0.0,0.0,0.0,0.0,0.0,0.0,0.0
565,False,0,0,0,0.0,0.0,0.0,0.0,0.0,0.0,0.0,0.0
566,False,0,0,0,0.0,0.0,0.0,0.0,0.0,0.0,0.0,0.0
567,False,0,0,0,0.0,0.0,0.0,0.0,0.0,0.0,0.0,0.0
568,False,0,0,0,0.0,0.0,0.0,0.0,0.0,0.0,0.0,0.0
569,False,0,0,0,0.0,0.0,0.0,0.0,0.0,0.0,0.0,0.0
570,False,0,0,0,0.0,0.0,0.0,0.0,0.0,0.0,0.0,0.0
571,False,0,0,0,0.0,0.0,0.0,0.0,0.0,0.0,0.0,0.0
572,False,0,0,0,0.0,0.0,0.0,0.0,0.0,0.0,0.0,0.0
573,False,0,0,0,0.0,0.0,0.0,0.0,0.0,0.0,0.0,0.0
574,False,0,0,0,0.0,0.0,0.0,0.0,0.0,0.0,0.0,0.0
575,False,0,0,0,0.0,0.0,0.0,0.0,0.0,0.0,0.0,0.0
576,False,0,0,0,0.0,0.0,0.0,0.0,0.0,0.0,0.0,0.0
577,False,0,0,0,0.0,0.0,0.0,0.0,0.0,0.0,0.0,0.0
578,False,0,0,0,0.0,0.0,0.0,0.0,0.0,0.0,0.0,0.0
579,False,0,0,0,0.0,0.0,0.0,0.0,0.0,0.0,0.0,0.0
580,False,0,0,0,0.0,0.0,0.0,0.0,0.0,0.0,0.0,0.0
581,False,0,0,0,0.0,0.0,0.0,0.0,0.0,0.0,0.0,0.0
582,False,0,0,0,0.0,0.0,0.0,0.0,0.0,0.0,0.0,0.0
583,False,0,0,0,0.0,0.0,0.0,0.0,0.0,0.0,0.0,0.0
584,False,0,0,0,0.0,0.0,0.0,0.0,0.0,0.0,0.0,0.0
585,False,0,0,0,0.0,0.0,0.0,0.0,0.0,0.0,0.0,0.0
586,False,0,0,0,0.0,0.0,0.0,0.0,0.0,0.0,0.0,0.0
587,False,0,0,0,0.0,0.0,0.0,0.0,0.0,0.0,0.0,0.0
588,False,0,0,0,0.0,0.0,0.0,0.0,0.0,0.0,0.0,0.0
589,False,0,0,0,0.0,0.0,0.0,0.0,0.0,0.0,0.0,0.0
590,False,0,0,0,0.0,0.0,0.0,0.0,0.0,0.0,0.0,0.0
591,False,0,0,0,0.0,0.0,0.0,0.0,0.0,0.0,0.0,0.0
592,False,0,0,0,0.0,0.0,0.0,0.0,0.0,0.0,0.0,0.0
593,False,0,0,0,0.0,0.0,0.0,0.0,0.0,0.0,0.0,0.0
594,False,0,0,0,0.0,0.0,0.0,0.0,0.0,0.0,0.0,0.0
595,False,0,0,0,0.0,0.0,0.0,0.0,0.0,0.0,0.0,0.0
596,False,0,0,0,0.0,0.0,0.0,0.0,0.0,0.0,0.0,0.0
597,False,0,0,0,0.0,0.0,0.0,0.0,0.0,0.0,0.0,0.0
598,False,0,0,0,0.0,0.0,0.0,0.0,0.0,0.0,0.0,0.0
599,False,0,0,0,0.0,0.0,0.0,0.0,0.0,0.0,0.0,0.0
600,False,0,0,0,0.0,0.0,0.0,0.0,0.0,0.0,0.0,0.0
601,False,0,0,0,0.0,0.0,0.0,0.0,0.0,0.0,0.0,0.0
602,False,0,0,0,0.0,0.0,0.0,0.0,0.0,0.0,0.0,0.0
603,False,0,0,0,0.0,0.0,0.0,0.0,0.0,0.0,0.0,0.0
604,False,0,0,0,0.0,0.0,0.0,0.0,0.0,0.0,0.0,0.0
605,False,0,0,0,0.0,0.0,0.0,0.0,0.0,0.0,0.0,0.0
606,False,0,0,0,0.0,0.0,0.0,0.0,0.0,0.0,0.0,0.0
607,False,0,0,0,0.0,0.0,0.0,0.0,0.0,0.0,0.0,0.0
608,False,0,0,0,0.0,0.0,0.0,0.0,0.0,0.0,0.0,0.0
609,False,0,0,0,0.0,0.0,0.0,0.0,0.0,0.0,0.0,0.0
610,False,0,0,0,0.0,0.0,0.0,0.0,0.0,0.0,0.0,0.0
611,False,0,0,0,0.0,0.0,0.0,0.0,0.0,0.0,0.0,0.0
612,False,0,0,0,0.0,0.0,0.0,0.0,0.0,0.0,0.0,0.0
613,False,0,0,0,0.0,0.0,0.0,0.0,0.0,0.0,0.0,0.0
614,False,0,0,0,0.0,0.0,0.0,0.0,0.0,0.0,0.0,0.0
615,False,0,0,0,0.0,0.0,0.0,0.0,0.0,0.0,0.0,0.0
616,False,0,0,0,0.0,0.0,0.0,0.0,0.0,0.0,0.0,0.0
617,False,0,0,0,0.0,0.0,0.0,0.0,0.0,0.0,0.0,0.0
618,False,0,0,0,0.0,0.0,0.0,0.0,0.0,0.0,0.0,0.0
619,False,0,0,0,0.0,0.0,0.0,0.0,0.0,0.0,0.0,0.0
620,False,0,0,0,0.0,0.0,0.0,0.0,0.0,0.0,0.0,0.0
621,False,0,0,0,0.0,0.0,0.0,0.0,0.0,0.0,0.0,0.0
622,False,0,0,0,0.0,0.0,0.0,0.0,0.0,0.0,0.0,0.0
623,False,0,0,0,0.0,0.0,0.0,0.0,0.0,0.0,0.0,0.0
624,False,0,0,0,0.0,0.0,0.0,0.0,0.0,0.0,0.0,0.0
625,False,0,0,0,0.0,0.0,0.0,0.0,0.0,0.0,0.0,0.0
626,False,0,0,0,0.0,0.0,0.0,0.0,0.0,0.0,0.0,0.0
627,False,0,0,0,0.0,0.0,0.0,0.0,0.0,0.0,0.0,0.0
628,False,0,0,0,0.0,0.0,0.0,0.0,0.0,0.0,0.0,0.0
629,False,0,0,0,0.0,0.0,0.0,0.0,0.0,0.0,0.0,0.0
630,False,0,0,0,0.0,0.0,0.0,0.0,0.0,0.0,0.0,0.0
631,False,0,0,0,0.0,0.0,0.0,0.0,0.0,0.0,0.0,0.0
632,False,0,0,0,0.0,0.0,0.0,0.0,0.0,0.0,0.0,0.0
633,False,0,0,0,0.0,0.0,0.0,0.0,0.0,0.0,0.0,0.0
634,False,0,0,0,0.0,0.0,0.0,0.0,0.0,0.0,0.0,0.0
635,False,0,0,0,0.0,0.0,0.0,0.0,0.0,0.0,0.0,0.0
636,False,0,0,0,0.0,0.0,0.0,0.0,0.0,0.0,0.0,0.0
637,False,0,0,0,0.0,0.0,0.0,0.0,0.0,0.0,0.0,0.0
638,False,0,0,0,0.0,0.0,0.0,0.0,0.0,0.0,0.0,0.0
639,False,0,0,0,0.0,0.0,0.0,0.0,0.0,0.0,0.0,0.0
640,False,0,0,0,0.0,0.0,0.0,0.0,0.0,0.0,0.0,0.0
641,False,0,0,0,0.0,0.0,0.0,0.0,0.0,0.0,0.0,0.0
642,False,0,0,0,0.0,0.0,0.0,0.0,0.0,0.0,0.0,0.0
643,False,0,0,0,0.0,0.0,0.0,0.0,0.0,0.0,0.0,0.0
644,False,0,0,0,0.0,0.0,0.0,0.0,0.0,0.0,0.0,0.0
645,False,0,0,0,0.0,0.0,0.0,0.0,0.0,0.0,0.0,0.0
646,False,0,0,0,0.0,0.0,0.0,0.0,0.0,0.0,0.0,0.0
647,False,0,0,0,0.0,0.0,0.0,0.0,0.0,0.0,0.0,0.0
648,False,0,0,0,0.0,0.0,0.0,0.0,0.0,0.0,0.0,0.0
649,False,0,0,0,0.0,0.0,0.0,0.0,0.0,0.0,0.0,0.0
650,False,0,0,0,0.0,0.0,0.0,0.0,0.0,0.0,0.0,0.0
651,False,0,0,0,0.0,0.0,0.0,0.0,0.0,0.0,0.0,0.0
652,False,0,0,0,0.0,0.0,0.0,0.0,0.0,0.0,0.0,0.0
653,False,0,0,0,0.0,0.0,0.0,0.0,0.0,0.0,0.0,0.0
654,False,0,0,0,0.0,0.0,0.0,0.0,0.0,0.0,0.0,0.0
655,False,0,0,0,0.0,0.0,0.0,0.0,0.0,0.0,0.0,0.0
656,False,0,0,0,0.0,0.0,0.0,0.0,0.0,0.0,0.0,0.0
657,False,0,0,0,0.0,0.0,0.0,0.0,0.0,0.0,0.0,0.0
658,False,0,0,0,0.0,0.0,0.0,0.0,0.0,0.0,0.0,0.0
659,False,0,0,0,0.0,0.0,0.0,0.0,0.0,0.0,0.0,0.0
660,False,0,0,0,0.0,0.0,0.0,0.0,0.0,0.0,0.0,0.0
661,False,0,0,0,0.0,0.0,0.0,0.0,0.0,0.0,0.0,0.0
662,False,0,0,0,0.0,0.0,0.0,0.0,0.0,0.0,0.0,0.0
663,False,0,0,0,0.0,0.0,0.0,0.0,0.0,0.0,0.0,0.0
664,False,0,0,0,0.0,0.0,0.0,0.0,0.0,0.0,0.0,0.0
665,False,0,0,0,0.0,0.0,0.0,0.0,0.0,0.0,0.0,0.0
666,False,0,0,0,0.0,0.0,0.0,0.0,0.0,0.0,0.0,0.0
667,False,0,0,0,0.0,0.0,0.0,0.0,0.0,0.0,0.0,0.0
668,False,0,0,0,0.0,0.0,0.0,0.0,0.0,0.0,0.0,0.0
669,False,0,0,0,0.0,0.0,0.0,0.0,0.0,0.0,0.0,0.0
670,False,0,0,0,0.0,0.0,0.0,0.0,0.0,0.0,0.0,0.0
671,False,0,0,0,0.0,0.0,0.0,0.0,0.0,0.0,0.0,0.0
672,False,0,0,0,0.0,0.0,0.0,0.0,0.0,0.0,0.0,0.0
673,False,0,0,0,0.0,0.0,0.0,0.0,0.0,0.0,0.0,0.0
674,False,0,0,0,0.0,0.0,0.0,0.0,0.0,0.0,0.0,0.0
675,False,0,0,0,0.0,0.0,0.0,0.0,0.0,0.0,0.0,0.0
676,False,0,0,0,0.0,0.0,0.0,0.0,0.0,0.0,0.0,0.0
677,False,0,0,0,0.0,0.0,0.0,0.0,0.0,0.0,0.0,0.0
678,False,0,0,0,0.0,0.0,0.0,0.0,0.0,0.0,0.0,0.0
679,False,0,0,0,0.0,0.0,0.0,0.0,0.0,0.0,0.0,0.0
680,False,0,0,0,0.0,0.0,0.0,0.0,0.0,0.0,0.0,0.0
681,False,0,0,0,0.0,0.0,0.0,0.0,0.0,0.0,0.0,0.0
682,False,0,0,0,0.0,0.0,0.0,0.0,0.0,0.0,0.0,0.0
683,False,0,0,0,0.0,0.0,0.0,0.0,0.0,0.0,0.0,0.0
684,False,0,0,0,0.0,0.0,0.0,0.0,0.0,0.0,0.0,0.0
685,False,0,0,0,0.0,0.0,0.0,0.0,0.0,0.0,0.0,0.0
686,False,0,0,0,0.0,0.0,0.0,0.0,0.0,0.0,0.0,0.0
687,False,0,0,0,0.0,0.0,0.0,0.0,0.0,0.0,0.0,0.0
688,False,0,0,0,0.0,0.0,0.0,0.0,0.0,0.0,0.0,0.0
689,False,0,0,0,0.0,0.0,0.0,0.0,0.0,0.0,0.0,0.0
690,False,0,0,0,0.0,0.0,0.0,0.0,0.0,0.0,0.0,0.0
691,False,0,0,0,0.0,0.0,0.0,0.0,0.0,0.0,0.0,0.0
692,False,0,0,0,0.0,0.0,0.0,0.0,0.0,0.0,0.0,0.0
693,False,0,0,0,0.0,0.0,0.0,0.0,0.0,0.0,0.0,0.0
694,False,0,0,0,0.0,0.0,0.0,0.0,0.0,0.0,0.0,0.0
695,False,0,0,0,0.0,0.0,0.0,0.0,0.0,0.0,0.0,0.0
696,False,0,0,0,0.0,0.0,0.0,0.0,0.0,0.0,0.0,0.0
697,False,0,0,0,0.0,0.0,0.0,0.0,0.0,0.0,0.0,0.0
698,False,0,0,0,0.0,0.0,0.0,0.0,0.0,0.0,0.0,0.0
699,False,0,0,0,0.0,0.0,0.0,0.0,0.0,0.0,0.0,0.0
700,False,0,0,0,0.0,0.0,0.0,0.0,0.0,0.0,0.0,0.0
701,False,0,0,0,0.0,0.0,0.0,0.0,0.0,0.0,0.0,0.0
702,False,0,0,0,0.0,0.0,0.0,0.0,0.0,0.0,0.0,0.0
703,False,0,0,0,0.0,0.0,0.0,0.0,0.0,0.0,0.0,0.0
704,False,0,0,0,0.0,0.0,0.0,0.0,0.0,0.0,0.0,0.0
705,False,0,0,0,0.0,0.0,0.0,0.0,0.0,0.0,0.0,0.0
706,False,0,0,0,0.0,0.0,0.0,0.0,0.0,0.0,0.0,0.0
707,False,0,0,0,0.0,0.0,0.0,0.0,0.0,0.0,0.0,0.0
708,False,0,0,0,0.0,0.0,0.0,0.0,0.0,0.0,0.0,0.0
709,False,0,0,0,0.0,0.0,0.0,0.0,0.0,0.0,0.0,0.0
710,False,0,0,0,0.0,0.0,0.0,0.0,0.0,0.0,0.0,0.0
711,False,0,0,0,0.0,0.0,0.0,0.0,0.0,0.0,0.0,0.0
712,False,0,0,0,0.0,0.0,0.0,0.0,0.0,0.0,0.0,0.0
713,False,0,0,0,0.0,0.0,0.0,0.0,0.0,0.0,0.0,0.0
714,False,0,0,0,0.0,0.0,0.0,0.0,0.0,0.0,0.0,0.0
715,False,0,0,0,0.0,0.0,0.0,0.0,0.0,0.0,0.0,0.0
716,False,0,0,0,0.0,0.0,0.0,0.0,0.0,0.0,0.0,0.0
717,False,0,0,0,0.0,0.0,0.0,0.0,0.0,0.0,0.0,0.0
718,False,0,0,0,0.0,0.0,0.0,0.0,0.0,0.0,0.0,0.0
719,False,0,0,0,0.0,0.0,0.0,0.0,0.0,0.0,0.0,0.0
720,False,0,0,0,0.0,0.0,0.0,0.0,0.0,0.0,0.0,0.0
721,False,0,0,0,0.0,0.0,0.0,0.0,0.0,0.0,0.0,0.0
722,False,0,0,0,0.0,0.0,0.0,0.0,0.0,0.0,0.0,0.0
723,False,0,0,0,0.0,0.0,0.0,0.0,0.0,0.0,0.0,0.0
724,False,0,0,0,0.0,0.0,0.0,0.0,0.0,0.0,0.0,0.0
725,False,0,0,0,0.0,0.0,0.0,0.0,0.0,0.0,0.0,0.0
726,False,0,0,0,0.0,0.0,0.0,0.0,0.0,0.0,0.0,0.0
727,False,0,0,0,0.0,0.0,0.0,0.0,0.0,0.0,0.0,0.0
728,False,0,0,0,0.0,0.0,0.0,0.0,0.0,0.0,0.0,0.0
729,False,0,0,0,0.0,0.0,0.0,0.0,0.0,0.0,0.0,0.0
730,False,0,0,0,0.0,0.0,0.0,0.0,0.0,0.0,0.0,0.0
731,False,0,0,0,0.0,0.0,0.0,0.0,0.0,0.0,0.0,0.0
732,False,0,0,0,0.0,0.0,0.0,0.0,0.0,0.0,0.0,0.0
733,False,0,0,0,0.0,0.0,0.0,0.0,0.0,0.0,0.0,0.0
734,False,0,0,0,0.0,0.0,0.0,0.0,0.0,0.0,0.0,0.0
735,False,0,0,0,0.0,0.0,0.0,0.0,0.0,0.0,0.0,0.0
736,False,0,0,0,0.0,0.0,0.0,0.0,0.0,0.0,0.0,0.0
737,False,0,0,0,0.0,0.0,0.0,0.0,0.0,0.0,0.0,0.0
738,False,0,0,0,0.0,0.0,0.0,0.0,0.0,0.0,0.0,0.0
739,False,0,0,0,0.0,0.0,0.0,0.0,0.0,0.0,0.0,0.0
740,False,0,0,0,0.0,0.0,0.0,0.0,0.0,0.0,0.0,0.0
741,False,0,0,0,0.0,0.0,0.0,0.0,0.0,0.0,0.0,0.0
742,False,0,0,0,0.0,0.0,0.0,0.0,0.0,0.0,0.0,0.0
743,False,0,0,0,0.0,0.0,0.0,0.0,0.0,0.0,0.0,0.0
744,False,0,0,0,0.0,0.0,0.0,0.0,0.0,0.0,0.0,0.0
745,False,0,0,0,0.0,0.0,0.0,0.0,0.0,0.0,0.0,0.0
746,False,0,0,0,0.0,0.0,0.0,0.0,0.0,0.0,0.0,0.0
747,False,0,0,0,0.0,0.0,0.0,0.0,0.0,0.0,0.0,0.0
748,False,0,0,0,0.0,0.0,0.0,0.0,0.0,0.0,0.0,0.0
749,False,0,0,0,0.0,0.0,0.0,0.0,0.0,0.0,0.0,0.0
750,False,0,0,0,0.0,0.0,0.0,0.0,0.0,0.0,0.0,0.0
751,False,0,0,0,0.0,0.0,0.0,0.0,0.0,0.0,0.0,0.0
752,False,0,0,0,0.0,0.0,0.0,0.0,0.0,0.0,0.0,0.0
753,False,0,0,0,0.0,0.0,0.0,0.0,0.0,0.0,0.0,0.0
754,False,0,0,0,0.0,0.0,0.0,0.0,0.0,0.0,0.0,0.0
755,False,0,0,0,0.0,0.0,0.0,0.0,0.0,0.0,0.0,0.0
756,False,0,0,0,0.0,0.0,0.0,0.0,0.0,0.0,0.0,0.0
757,False,0,0,0,0.0,0.0,0.0,0.0,0.0,0.0,0.0,0.0
758,False,0,0,0,0.0,0.0,0.0,0.0,0.0,0.0,0.0,0.0
759,False,0,0,0,0.0,0.0,0.0,0.0,0.0,0.0,0.0,0.0
760,False,0,0,0,0.0,0.0,0.0,0.0,0.0,0.0,0.0,0.0
761,False,0,0,0,0.0,0.0,0.0,0.0,0.0,0.0,0.0,0.0
762,False,0,0,0,0.0,0.0,0.0,0.0,0.0,0.0,0.0,0.0
763,False,0,0,0,0.0,0.0,0.0,0.0,0.0,0.0,0.0,0.0
764,False,0,0,0,0.0,0.0,0.0,0.0,0.0,0.0,0.0,0.0
765,False,0,0,0,0.0,0.0,0.0,0.0,0.0,0.0,0.0,0.0
766,False,0,0,0,0.0,0.0,0.0,0.0,0.0,0.0,0.0,0.0
767,False,0,0,0,0.0,0.0,0.0,0.0,0.0,0.0,0.0,0.0
768,False,0,0,0,0.0,0.0,0.0,0.0,0.0,0.0,0.0,0.0
769,False,0,0,0,0.0,0.0,0.0,0.0,0.0,0.0,0.0,0.0
770,False,0,0,0,0.0,0.0,0.0,0.0,0.0,0.0,0.0,0.0
771,False,0,0,0,0.0,0.0,0.0,0.0,0.0,0.0,0.0,0.0
772,False,0,0,0,0.0,0.0,0.0,0.0,0.0,0.0,0.0,0.0
773,False,0,0,0,0.0,0.0,0.0,0.0,0.0,0.0,0.0,0.0
774,False,0,0,0,0.0,0.0,0.0,0.0,0.0,0.0,0.0,0.0
775,False,0,0,0,0.0,0.0,0.0,0.0,0.0,0.0,0.0,0.0
776,False,0,0,0,0.0,0.0,0.0,0.0,0.0,0.0,0.0,0.0
777,False,0,0,0,0.0,0.0,0.0,0.0,0.0,0.0,0.0,0.0
778,False,0,0,0,0.0,0.0,0.0,0.0,0.0,0.0,0.0,0.0
779,False,0,0,0,0.0,0.0,0.0,0.0,0.0,0.0,0.0,0.0
780,False,0,0,0,0.0,0.0,0.0,0.0,0.0,0.0,0.0,0.0
781,False,0,0,0,0.0,0.0,0.0,0.0,0.0,0.0,0.0,0.0
782,False,0,0,0,0.0,0.0,0.0,0.0,0.0,0.0,0.0,0.0
783,False,0,0,0,0.0,0.0,0.0,0.0,0.0,0.0,0.0,0.0
784,False,0,0,0,0.0,0.0,0.0,0.0,0.0,0.0,0.0,0.0
785,False,0,0,0,0.0,0.0,0.0,0.0,0.0,0.0,0.0,0.0
786,False,0,0,0,0.0,0.0,0.0,0.0,0.0,0.0,0.0,0.0
787,False,0,0,0,0.0,0.0,0.0,0.0,0.0,0.0,0.0,0.0
788,False,0,0,0,0.0,0.0,0.0,0.0,0.0,0.0,0.0,0.0
789,False,0,0,0,0.0,0.0,0.0,0.0,0.0,0.0,0.0,0.0
790,False,0,0,0,0.0,0.0,0.0,0.0,0.0,0.0,0.0,0.0
791,False,0,0,0,0.0,0.0,0.0,0.0,0.0,0.0,0.0,0.0
792,False,0,0,0,0.0,0.0,0.0,0.0,0.0,0.0,0.0,0.0
793,False,0,0,0,0.0,0.0,0.0,0.0,0.0,0.0,0.0,0.0
794,False,0,0,0,0.0,0.0,0.0,0.0,0.0,0.0,0.0,0.0
795,False,0,0,0,0.0,0.0,0.0,0.0,0.0,0.0,0.0,0.0
796,False,0,0,0,0.0,0.0,0.0,0.0,0.0,0.0,0.0,0.0
797,False,0,0,0,0.0,0.0,0.0,0.0,0.0,0.0,0.0,0.0
798,False,0,0,0,0.0,0.0,0.0,0.0,0.0,0.0,0.0,0.0
799,False,0,0,0,0.0,0.0,0.0,0.0,0.0,0.0,0.0,0.0
800,False,0,0,0,0.0,0.0,0.0,0.0,0.0,0.0,0.0,0.0
801,False,0,0,0,0.0,0.0,0.0,0.0,0.0,0.0,0.0,0.0
802,False,0,0,0,0.0,0.0,0.0,0.0,0.0,0.0,0.0,0.0
803,False,0,0,0,0.0,0.0,0.0,0.0,0.0,0.0,0.0,0.0
804,False,0,0,0,0.0,0.0,0.0,0.0,0.0,0.0,0.0,0.0
805,False,0,0,0,0.0,0.0,0.0,0.0,0.0,0.0,0.0,0.0
806,False,0,0,0,0.0,0.0,0.0,0.0,0.0,0.0,0.0,0.0
807,False,0,0,0,0.0,0.0,0.0,0.0,0.0,0.0,0.0,0.0
808,False,0,0,0,0.0,0.0,0.0,0.0,0.0,0.0,0.0,0.0
809,False,0,0,0,0.0,0.0,0.0,0.0,0.0,0.0,0.0,0.0
810,False,0,0,0,0.0,0.0,0.0,0.0,0.0,0.0,0.0,0.0
811,False,0,0,0,0.0,0.0,0.0,0.0,0.0,0.0,0.0,0.0
812,False,0,0,0,0.0,0.0,0.0,0.0,0.0,0.0,0.0,0.0
813,False,0,0,0,0.0,0.0,0.0,0.0,0.0,0.0,0.0,0.0
814,False,0,0,0,0.0,0.0,0.0,0.0,0.0,0.0,0.0,0.0
815,False,0,0,0,0.0,0.0,0.0,0.0,0.0,0.0,0.0,0.0
816,False,0,0,0,0.0,0.0,0.0,0.0,0.0,0.0,0.0,0.0
817,False,0,0,0,0.0,0.0,0.0,0.0,0.0,0.0,0.0,0.0
818,False,0,0,0,0.0,0.0,0.0,0.0,0.0,0.0,0.0,0.0
819,False,0,0,0,0.0,0.0,0.0,0.0,0.0,0.0,0.0,0.0
820,False,0,0,0,0.0,0.0,0.0,0.0,0.0,0.0,0.0,0.0
821,False,0,0,0,0.0,0.0,0.0,0.0,0.0,0.0,0.0,0.0
822,False,0,0,0,0.0,0.0,0.0,0.0,0.0,0.0,0.0,0.0
823,False,0,0,0,0.0,0.0,0.0,0.0,0.0,0.0,0.0,0.0
824,False,0,0,0,0.0,0.0,0.0,0.0,0.0,0.0,0.0,0.0
825,False,0,0,0,0.0,0.0,0.0,0.0,0.0,0.0,0.0,0.0
826,False,0,0,0,0.0,0.0,0.0,0.0,0.0,0.0,0.0,0.0
827,False,0,0,0,0.0,0.0,0.0,0.0,0.0,0.0,0.0,0.0
828,False,0,0,0,0.0,0.0,0.0,0.0,0.0,0.0,0.0,0.0
829,False,0,0,0,0.0,0.0,0.0,0.0,0.0,0.0,0.0,0.0
830,False,0,0,0,0.0,0.0,0.0,0.0,0.0,0.0,0.0,0.0
831,False,0,0,0,0.0,0.0,0.0,0.0,0.0,0.0,0.0,0.0
832,False,0,0,0,0.0,0.0,0.0,0.0,0.0,0.0,0.0,0.0
833,False,0,0,0,0.0,0.0,0.0,0.0,0.0,0.0,0.0,0.0
834,False,0,0,0,0.0,0.0,0.0,0.0,0.0,0.0,0.0,0.0
835,False,0,0,0,0.0,0.0,0.0,0.0,0.0,0.0,0.0,0.0
836,False,0,0,0,0.0,0.0,0.0,0.0,0.0,0.0,0.0,0.0
837,False,0,0,0,0.0,0.0,0.0,0.0,0.0,0.0,0.0,0.0
838,False,0,0,0,0.0,0.0,0.0,0.0,0.0,0.0,0.0,0.0
839,False,0,0,0,0.0,0.0,0.0,0.0,0.0,0.0,0.0,0.0
840,False,0,0,0,0.0,0.0,0.0,0.0,0.0,0.0,0.0,0.0
841,False,0,0,0,0.0,0.0,0.0,0.0,0.0,0.0,0.0,0.0
842,False,0,0,0,0.0,0.0,0.0,0.0,0.0,0.0,0.0,0.0
843,False,0,0,0,0.0,0.0,0.0,0.0,0.0,0.0,0.0,0.0
844,False,0,0,0,0.0,0.0,0.0,0.0,0.0,0.0,0.0,0.0
845,False,0,0,0,0.0,0.0,0.0,0.0,0.0,0.0,0.0,0.0
846,False,0,0,0,0.0,0.0,0.0,0.0,0.0,0.0,0.0,0.0
847,False,0,0,0,0.0,0.0,0.0,0.0,0.0,0.0,0.0,0.0
848,False,0,0,0,0.0,0.0,0.0,0.0,0.0,0.0,0.0,0.0
849,False,0,0,0,0.0,0.0,0.0,0.0,0.0,0.0,0.0,0.0
850,False,0,0,0,0.0,0.0,0.0,0.0,0.0,0.0,0.0,0.0
851,False,0,0,0,0.0,0.0,0.0,0.0,0.0,0.0,0.0,0.0
852,False,0,0,0,0.0,0.0,0.0,0.0,0.0,0.0,0.0,0.0
853,False,0,0,0,0.0,0.0,0.0,0.0,0.0,0.0,0.0,0.0
854,False,0,0,0,0.0,0.0,0.0,0.0,0.0,0.0,0.0,0.0
855,False,0,0,0,0.0,0.0,0.0,0.0,0.0,0.0,0.0,0.0
856,False,0,0,0,0.0,0.0,0.0,0.0,0.0,0.0,0.0,0.0
857,False,0,0,0,0.0,0.0,0.0,0.0,0.0,0.0,0.0,0.0
858,False,0,0,0,0.0,0.0,0.0,0.0,0.0,0.0,0.0,0.0
859,False,0,0,0,0.0,0.0,0.0,0.0,0.0,0.0,0.0,0.0
860,False,0,0,0,0.0,0.0,0.0,0.0,0.0,0.0,0.0,0.0
861,False,0,0,0,0.0,0.0,0.0,0.0,0.0,0.0,0.0,0.0
862,False,0,0,0,0.0,0.0,0.0,0.0,0.0,0.0,0.0,0.0
863,False,0,0,0,0.0,0.0,0.0,0.0,0.0,0.0,0.0,0.0
864,False,0,0,0,0.0,0.0,0.0,0.0,0.0,0.0,0.0,0.0
865,False,0,0,0,0.0,0.0,0.0,0.0,0.0,0.0,0.0,0.0
866,False,0,0,0,0.0,0.0,0.0,0.0,0.0,0.0,0.0,0.0
867,False,0,0,0,0.0,0.0,0.0,0.0,0.0,0.0,0.0,0.0
868,False,0,0,0,0.0,0.0,0.0,0.0,0.0,0.0,0.0,0.0
869,False,0,0,0,0.0,0.0,0.0,0.0,0.0,0.0,0.0,0.0
870,False,0,0,0,0.0,0.0,0.0,0.0,0.0,0.0,0.0,0.0
871,False,0,0,0,0.0,0.0,0.0,0.0,0.0,0.0,0.0,0.0
872,False,0,0,0,0.0,0.0,0.0,0.0,0.0,0.0,0.0,0.0
873,False,0,0,0,0.0,0.0,0.0,0.0,0.0,0.0,0.0,0.0
874,False,0,0,0,0.0,0.0,0.0,0.0,0.0,0.0,0.0,0.0
875,False,0,0,0,0.0,0.0,0.0,0.0,0.0,0.0,0.0,0.0
876,False,0,0,0,0.0,0.0,0.0,0.0,0.0,0.0,0.0,0.0
877,False,0,0,0,0.0,0.0,0.0,0.0,0.0,0.0,0.0,0.0
878,False,0,0,0,0.0,0.0,0.0,0.0,0.0,0.0,0.0,0.0
879,False,0,0,0,0.0,0.0,0.0,0.0,0.0,0.0,0.0,0.0
880,False,0,0,0,0.0,0.0,0.0,0.0,0.0,0.0,0.0,0.0
881,False,0,0,0,0.0,0.0,0.0,0.0,0.0,0.0,0.0,0.0
882,False,0,0,0,0.0,0.0,0.0,0.0,0.0,0.0,0.0,0.0
883,False,0,0,0,0.0,0.0,0.0,0.0,0.0,0.0,0.0,0.0
884,False,0,0,0,0.0,0.0,0.0,0.0,0.0,0.0,0.0,0.0
885,False,0,0,0,0.0,0.0,0.0,0.0,0.0,0.0,0.0,0.0
886,False,0,0,0,0.0,0.0,0.0,0.0,0.0,0.0,0.0,0.0
887,False,0,0,0,0.0,0.0,0.0,0.0,0.0,0.0,0.0,0.0
888,False,0,0,0,0.0,0.0,0.0,0.0,0.0,0.0,0.0,0.0
889,False,0,0,0,0.0,0.0,0.0,0.0,0.0,0.0,0.0,0.0
890,False,0,0,0,0.0,0.0,0.0,0.0,0.0,0.0,0.0,0.0
891,False,0,0,0,0.0,0.0,0.0,0.0,0.0,0.0,0.0,0.0
892,False,0,0,0,0.0,0.0,0.0,0.0,0.0,0.0,0.0,0.0
893,False,0,0,0,0.0,0.0,0.0,0.0,0.0,0.0,0.0,0.0
894,False,0,0,0,0.0,0.0,0.0,0.0,0.0,0.0,0.0,0.0
895,False,0,0,0,0.0,0.0,0.0,0.0,0.0,0.0,0.0,0.0
896,False,0,0,0,0.0,0.0,0.0,0.0,0.0,0.0,0.0,0.0
897,False,0,0,0,0.0,0.0,0.0,0.0,0.0,0.0,0.0,0.0
898,False,0,0,0,0.0,0.0,0.0,0.0,0.0,0.0,0.0,0.0
899,False,0,0,0,0.0,0.0,0.0,0.0,0.0,0.0,0.0,0.0
900,False,0,0,0,0.0,0.0,0.0,0.0,0.0,0.0,0.0,0.0
901,False,0,0,0,0.0,0.0,0.0,0.0,0.0,0.0,0.0,0.0
902,False,0,0,0,0.0,0.0,0.0,0.0,0.0,0.0,0.0,0.0
903,False,0,0,0,0.0,0.0,0.0,0.0,0.0,0.0,0.0,0.0
904,False,0,0,0,0.0,0.0,0.0,0.0,0.0,0.0,0.0,0.0
905,False,0,0,0,0.0,0.0,0.0,0.0,0.0,0.0,0.0,0.0
906,False,0,0,0,0.0,0.0,0.0,0.0,0.0,0.0,0.0,0.0
907,False,0,0,0,0.0,0.0,0.0,0.0,0.0,0.0,0.0,0.0
908,False,0,0,0,0.0,0.0,0.0,0.0,0.0,0.0,0.0,0.0
909,False,0,0,0,0.0,0.0,0.0,0.0,0.0,0.0,0.0,0.0
910,False,0,0,0,0.0,0.0,0.0,0.0,0.0,0.0,0.0,0.0
911,False,0,0,0,0.0,0.0,0.0,0.0,0.0,0.0,0.0,0.0
912,False,0,0,0,0.0,0.0,0.0,0.0,0.0,0.0,0.0,0.0
913,False,0,0,0,0.0,0.0,0.0,0.0,0.0,0.0,0.0,0.0
914,False,0,0,0,0.0,0.0,0.0,0.0,0.0,0.0,0.0,0.0
915,False,0,0,0,0.0,0.0,0.0,0.0,0.0,0.0,0.0,0.0
916,False,0,0,0,0.0,0.0,0.0,0.0,0.0,0.0,0.0,0.0
917,False,0,0,0,0.0,0.0,0.0,0.0,0.0,0.0,0.0,0.0
918,False,0,0,0,0.0,0.0,0.0,0.0,0.0,0.0,0.0,0.0
919,False,0,0,0,0.0,0.0,0.0,0.0,0.0,0.0,0.0,0.0
920,False,0,0,0,0.0,0.0,0.0,0.0,0.0,0.0,0.0,0.0
921,False,0,0,0,0.0,0.0,0.0,0.0,0.0,0.0,0.0,0.0
922,False,0,0,0,0.0,0.0,0.0,0.0,0.0,0.0,0.0,0.0
923,False,0,0,0,0.0,0.0,0.0,0.0,0.0,0.0,0.0,0.0
924,False,0,0,0,0.0,0.0,0.0,0.0,0.0,0.0,0.0,0.0
925,False,0,0,0,0.0,0.0,0.0,0.0,0.0,0.0,0.0,0.0
926,False,0,0,0,0.0,0.0,0.0,0.0,0.0,0.0,0.0,0.0
927,False,0,0,0,0.0,0.0,0.0,0.0,0.0,0.0,0.0,0.0
928,False,0,0,0,0.0,0.0,0.0,0.0,0.0,0.0,0.0,0.0
929,False,0,0,0,0.0,0.0,0.0,0.0,0.0,0.0,0.0,0.0
930,False,0,0,0,0.0,0.0,0.0,0.0,0.0,0.0,0.0,0.0
931,False,0,0,0,0.0,0.0,0.0,0.0,0.0,0.0,0.0,0.0
932,False,0,0,0,0.0,0.0,0.0,0.0,0.0,0.0,0.0,0.0
933,False,0,0,0,0.0,0.0,0.0,0.0,0.0,0.0,0.0,0.0
934,False,0,0,0,0.0,0.0,0.0,0.0,0.0,0.0,0.0,0.0
935,False,0,0,0,0.0,0.0,0.0,0.0,0.0,0.0,0.0,0.0
936,False,0,0,0,0.0,0.0,0.0,0.0,0.0,0.0,0.0,0.0
937,False,0,0,0,0.0,0.0,0.0,0.0,0.0,0.0,0.0,0.0
938,False,0,0,0,0.0,0.0,0.0,0.0,0.0,0.0,0.0,0.0
939,False,0,0,0,0.0,0.0,0.0,0.0,0.0,0.0,0.0,0.0
940,False,0,0,0,0.0,0.0,0.0,0.0,0.0,0.0,0.0,0.0
941,False,0,0,0,0.0,0.0,0.0,0.0,0.0,0.0,0.0,0.0
942,False,0,0,0,0.0,0.0,0.0,0.0,0.0,0.0,0.0,0.0
943,False,0,0,0,0.0,0.0,0.0,0.0,0.0,0.0,0.0,0.0
944,False,0,0,0,0.0,0.0,0.0,0.0,0.0,0.0,0.0,0.0
945,False,0,0,0,0.0,0.0,0.0,0.0,0.0,0.0,0.0,0.0
946,False,0,0,0,0.0,0.0,0.0,0.0,0.0,0.0,0.0,0.0
947,False,0,0,0,0.0,0.0,0.0,0.0,0.0,0.0,0.0,0.0
948,False,0,0,0,0.0,0.0,0.0,0.0,0.0,0.0,0.0,0.0
949,False,0,0,0,0.0,0.0,0.0,0.0,0.0,0.0,0.0,0.0
950,False,0,0,0,0.0,0.0,0.0,0.0,0.0,0.0,0.0,0.0
951,False,0,0,0,0.0,0.0,0.0,0.0,0.0,0.0,0.0,0.0
952,False,0,0,0,0.0,0.0,0.0,0.0,0.0,0.0,0.0,0.0
953,False,0,0,0,0.0,0.0,0.0,0.0,0.0,0.0,0.0,0.0
954,False,0,0,0,0.0,0.0,0.0,0.0,0.0,0.0,0.0,0.0
955,False,0,0,0,0.0,0.0,0.0,0.0,0.0,0.0,0.0,0.0
956,False,0,0,0,0.0,0.0,0.0,0.0,0.0,0.0,0.0,0.0
957,False,0,0,0,0.0,0.0,0.0,0.0,0.0,0.0,0.0,0.0
958,False,0,0,0,0.0,0.0,0.0,0.0,0.0,0.0,0.0,0.0
959,False,0,0,0,0.0,0.0,0.0,0.0,0.0,0.0,0.0,0.0
960,False,0,0,0,0.0,0.0,0.0,0.0,0.0,0.0,0.0,0.0
961,False,0,0,0,0.0,0.0,0.0,0.0,0.0,0.0,0.0,0.0
962,False,0,0,0,0.0,0.0,0.0,0.0,0.0,0.0,0.0,0.0
963,False,0,0,0,0.0,0.0,0.0,0.0,0.0,0.0,0.0,0.0
964,False,0,0,0,0.0,0.0,0.0,0.0,0.0,0.0,0.0,0.0
965,False,0,0,0,0.0,0.0,0.0,0.0,0.0,0.0,0.0,0.0
966,False,0,0,0,0.0,0.0,0.0,0.0,0.0,0.0,0.0,0.0
967,False,0,0,0,0.0,0.0,0.0,0.0,0.0,0.0,0.0,0.0
968,False,0,0,0,0.0,0.0,0.0,0.0,0.0,0.0,0.0,0.0
969,False,0,0,0,0.0,0.0,0.0,0.0,0.0,0.0,0.0,0.0
970,False,0,0,0,0.0,0.0,0.0,0.0,0.0,0.0,0.0,0.0
971,False,0,0,0,0.0,0.0,0.0,0.0,0.0,0.0,0.0,0.0
972,False,0,0,0,0.0,0.0,0.0,0.0,0.0,0.0,0.0,0.0
973,False,0,0,0,0.0,0.0,0.0,0.0,0.0,0.0,0.0,0.0
974,False,0,0,0,0.0,0.0,0.0,0.0,0.0,0.0,0.0,0.0
975,False,0,0,0,0.0,0.0,0.0,0.0,0.0,0.0,0.0,0.0
976,False,0,0,0,0.0,0.0,0.0,0.0,0.0,0.0,0.0,0.0
977,False,0,0,0,0.0,0.0,0.0,0.0,0.0,0.0,0.0,0.0
978,False,0,0,0,0.0,0.0,0.0,0.0,0.0,0.0,0.0,0.0
979,False,0,0,0,0.0,0.0,0.0,0.0,0.0,0.0,0.0,0.0
980,False,0,0,0,0.0,0.0,0.0,0.0,0.0,0.0,0.0,0.0
981,False,0,0,0,0.0,0.0,0.0,0.0,0.0,0.0,0.0,0.0
982,False,0,0,0,0.0,0.0,0.0,0.0,0.0,0.0,0.0,0.0
983,False,0,0,0,0.0,0.0,0.0,0.0,0.0,0.0,0.0,0.0
984,False,0,0,0,0.0,0.0,0.0,0.0,0.0,0.0,0.0,0.0
985,False,0,0,0,0.0,0.0,0.0,0.0,0.0,0.0,0.0,0.0
986,False,0,0,0,0.0,0.0,0.0,0.0,0.0,0.0,0.0,0.0
987,False,0,0,0,0.0,0.0,0.0,0.0,0.0,0.0,0.0,0.0
988,False,0,0,0,0.0,0.0,0.0,0.0,0.0,0.0,0.0,0.0
989,False,0,0,0,0.0,0.0,0.0,0.0,0.0,0.0,0.0,0.0
990,False,0,0,0,0.0,0.0,0.0,0.0,0.0,0.0,0.0,0.0
991,False,0,0,0,0.0,0.0,0.0,0.0,0.0,0.0,0.0,0.0
992,False,0,0,0,0.0,0.0,0.0,0.0,0.0,0.0,0.0,0.0
993,False,0,0,0,0.0,0.0,0.0,0.0,0.0,0.0,0.0,0.0
994,False,0,0,0,0.0,0.0,0.0,0.0,0.0,0.0,0.0,0.0
995,False,0,0,0,0.0,0.0,0.0,0.0,0.0,0.0,0.0,0.0
996,False,0,0,0,0.0,0.0,0.0,0.0,0.0,0.0,0.0,0.0
997,False,0,0,0,0.0,0.0,0.0,0.0,0.0,0.0,0.0,0.0
998,False,0,0,0,0.0,0.0,0.0,0.0,0.0,0.0,0.0,0.0
999,False,0,0,0,0.0,0.0,0.0,0.0,0.0,0.0,0.0,0.0
1000,False,0,0,0,0.0,0.0,0.0,0.0,0.0,0.0,0.0,0.0
1001,False,0,0,0,0.0,0.0,0.0,0.0,0.0,0.0,0.0,0.0
1002,False,0,0,0,0.0,0.0,0.0,0.0,0.0,0.0,0.0,0.0
1003,False,0,0,0,0.0,0.0,0.0,0.0,0.0,0.0,0.0,0.0
1004,False,0,0,0,0.0,0.0,0.0,0.0,0.0,0.0,0.0,0.0
1005,False,0,0,0,0.0,0.0,0.0,0.0,0.0,0.0,0.0,0.0
1006,False,0,0,0,0.0,0.0,0.0,0.0,0.0,0.0,0.0,0.0
1007,False,0,0,0,0.0,0.0,0.0,0.0,0.0,0.0,0.0,0.0
1008,False,0,0,0,0.0,0.0,0.0,0.0,0.0,0.0,0.0,0.0
1009,False,0,0,0,0.0,0.0,0.0,0.0,0.0,0.0,0.0,0.0
1010,False,0,0,0,0.0,0.0,0.0,0.0,0.0,0.0,0.0,0.0
1011,False,0,0,0,0.0,0.0,0.0,0.0,0.0,0.0,0.0,0.0
1012,False,0,0,0,0.0,0.0,0.0,0.0,0.0,0.0,0.0,0.0
1013,False,0,0,0,0.0,0.0,0.0,0.0,0.0,0.0,0.0,0.0
1014,False,0,0,0,0.0,0.0,0.0,0.0,0.0,0.0,0.0,0.0
1015,False,0,0,0,0.0,0.0,0.0,0.0,0.0,0.0,0.0,0.0
1016,False,0,0,0,0.0,0.0,0.0,0.0,0.0,0.0,0.0,0.0
1017,False,0,0,0,0.0,0.0,0.0,0.0,0.0,0.0,0.0,0.0
1018,False,0,0,0,0.0,0.0,0.0,0.0,0.0,0.0,0.0,0.0
1019,False,0,0,0,0.0,0.0,0.0,0.0,0.0,0.0,0.0,0.0
1020,False,0,0,0,0.0,0.0,0.0,0.0,0.0,0.0,0.0,0.0
1021,False,0,0,0,0.0,0.0,0.0,0.0,0.0,0.0,0.0,0.0
1022,False,0,0,0,0.0,0.0,0.0,0.0,0.0,0.0,0.0,0.0
1023,False,0,0,0,0.0,0.0,0.0,0.0,0.0,0.0,0.0,0.0
1024,False,0,0,0,0.0,0.0,0.0,0.0,0.0,0.0,0.0,0.0
1025,False,0,0,0,0.0,0.0,0.0,0.0,0.0,0.0,0.0,0.0
1026,False,0,0,0,0.0,0.0,0.0,0.0,0.0,0.0,0.0,0.0
1027,False,0,0,0,0.0,0.0,0.0,0.0,0.0,0.0,0.0,0.0
1028,False,0,0,0,0.0,0.0,0.0,0.0,0.0,0.0,0.0,0.0
1029,False,0,0,0,0.0,0.0,0.0,0.0,0.0,0.0,0.0,0.0
1030,False,0,0,0,0.0,0.0,0.0,0.0,0.0,0.0,0.0,0.0
1031,False,0,0,0,0.0,0.0,0.0,0.0,0.0,0.0,0.0,0.0
1032,False,0,0,0,0.0,0.0,0.0,0.0,0.0,0.0,0.0,0.0
1033,False,0,0,0,0.0,0.0,0.0,0.0,0.0,0.0,0.0,0.0
1034,False,0,0,0,0.0,0.0,0.0,0.0,0.0,0.0,0.0,0.0
1035,False,0,0,0,0.0,0.0,0.0,0.0,0.0,0.0,0.0,0.0
1036,False,0,0,0,0.0,0.0,0.0,0.0,0.0,0.0,0.0,0.0
1037,False,0,0,0,0.0,0.0,0.0,0.0,0.0,0.0,0.0,0.0
1038,False,0,0,0,0.0,0.0,0.0,0.0,0.0,0.0,0.0,0.0
1039,False,0,0,0,0.0,0.0,0.0,0.0,0.0,0.0,0.0,0.0
1040,False,0,0,0,0.0,0.0,0.0,0.0,0.0,0.0,0.0,0.0
1041,False,0,0,0,0.0,0.0,0.0,0.0,0.0,0.0,0.0,0.0
1042,False,0,0,0,0.0,0.0,0.0,0.0,0.0,0.0,0.0,0.0
1043,False,0,0,0,0.0,0.0,0.0,0.0,0.0,0.0,0.0,0.0
1044,False,0,0,0,0.0,0.0,0.0,0.0,0.0,0.0,0.0,0.0
1045,False,0,0,0,0.0,0.0,0.0,0.0,0.0,0.0,0.0,0.0
1046,False,0,0,0,0.0,0.0,0.0,0.0,0.0,0.0,0.0,0.0
1047,False,0,0,0,0.0,0.0,0.0,0.0,0.0,0.0,0.0,0.0
1048,False,0,0,0,0.0,0.0,0.0,0.0,0.0,0.0,0.0,0.0
1049,False,0,0,0,0.0,0.0,0.0,0.0,0.0,0.0,0.0,0.0
1050,False,0,0,0,0.0,0.0,0.0,0.0,0.0,0.0,0.0,0.0
1051,False,0,0,0,0.0,0.0,0.0,0.0,0.0,0.0,0.0,0.0
1052,False,0,0,0,0.0,0.0,0.0,0.0,0.0,0.0,0.0,0.0
1053,False,0,0,0,0.0,0.0,0.0,0.0,0.0,0.0,0.0,0.0
1054,False,0,0,0,0.0,0.0,0.0,0.0,0.0,0.0,0.0,0.0
1055,False,0,0,0,0.0,0.0,0.0,0.0,0.0,0.0,0.0,0.0
1056,False,0,0,0,0.0,0.0,0.0,0.0,0.0,0.0,0.0,0.0
1057,False,0,0,0,0.0,0.0,0.0,0.0,0.0,0.0,0.0,0.0
1058,False,0,0,0,0.0,0.0,0.0,0.0,0.0,0.0,0.0,0.0
1059,False,0,0,0,0.0,0.0,0.0,0.0,0.0,0.0,0.0,0.0
1060,False,0,0,0,0.0,0.0,0.0,0.0,0.0,0.0,0.0,0.0
1061,False,0,0,0,0.0,0.0,0.0,0.0,0.0,0.0,0.0,0.0
1062,False,0,0,0,0.0,0.0,0.0,0.0,0.0,0.0,0.0,0.0
1063,False,0,0,0,0.0,0.0,0.0,0.0,0.0,0.0,0.0,0.0
1064,False,0,0,0,0.0,0.0,0.0,0.0,0.0,0.0,0.0,0.0
1065,False,0,0,0,0.0,0.0,0.0,0.0,0.0,0.0,0.0,0.0
1066,False,0,0,0,0.0,0.0,0.0,0.0,0.0,0.0,0.0,0.0
1067,False,0,0,0,0.0,0.0,0.0,0.0,0.0,0.0,0.0,0.0
1068,False,0,0,0,0.0,0.0,0.0,0.0,0.0,0.0,0.0,0.0
1069,False,0,0,0,0.0,0.0,0.0,0.0,0.0,0.0,0.0,0.0
1070,False,0,0,0,0.0,0.0,0.0,0.0,0.0,0.0,0.0,0.0
1071,False,0,0,0,0.0,0.0,0.0,0.0,0.0,0.0,0.0,0.0
1072,False,0,0,0,0.0,0.0,0.0,0.0,0.0,0.0,0.0,0.0
1073,False,0,0,0,0.0,0.0,0.0,0.0,0.0,0.0,0.0,0.0
1074,False,0,0,0,0.0,0.0,0.0,0.0,0.0,0.0,0.0,0.0
1075,False,0,0,0,0.0,0.0,0.0,0.0,0.0,0.0,0.0,0.0
1076,False,0,0,0,0.0,0.0,0.0,0.0,0.0,0.0,0.0,0.0
1077,False,0,0,0,0.0,0.0,0.0,0.0,0.0,0.0,0.0,0.0
1078,False,0,0,0,0.0,0.0,0.0,0.0,0.0,0.0,0.0,0.0
1079,False,0,0,0,0.0,0.0,0.0,0.0,0.0,0.0,0.0,0.0
1080,False,0,0,0,0.0,0.0,0.0,0.0,0.0,0.0,0.0,0.0
1081,False,0,0,0,0.0,0.0,0.0,0.0,0.0,0.0,0.0,0.0
1082,False,0,0,0,0.0,0.0,0.0,0.0,0.0,0.0,0.0,0.0
1083,False,0,0,0,0.0,0.0,0.0,0.0,0.0,0.0,0.0,0.0
1084,False,0,0,0,0.0,0.0,0.0,0.0,0.0,0.0,0.0,0.0
1085,False,0,0,0,0.0,0.0,0.0,0.0,0.0,0.0,0.0,0.0
1086,False,0,0,0,0.0,0.0,0.0,0.0,0.0,0.0,0.0,0.0
1087,False,0,0,0,0.0,0.0,0.0,0.0,0.0,0.0,0.0,0.0
